DocScan,,deepin-v23,,
HanGuangScanner,,deepin-v23,,
accerciser,3.38.0-1,deepin-v23,,
alacritty,0.13.2-2,deepin-v23,,
alsa-tools-gui,1.2.11-1.1,deepin-v23,,
ark,21.08.3-1deepin0,deepin-v23,,
artikulate,21.08.0-1,deepin-v23,,
audacious,4.3.1-2.1,deepin-v23,,
audacity,3.4.2+dfsg-1deepin0,deepin-v23,,
aurora-printer-a121,1.0.3,deepin-v23,,
avahi-discover,0.8-5,deepin-v23,,
avahi-ui-utils,0.8-5,deepin-v23,,
baobab,41.0-1,deepin-v23,,
basket,2.49-1,deepin-v23,,
bb,1.3rc1-13,deepin-v23,,
bisheng-engine,2.0.14-1,deepin-v23,,
biz.zcjt.gaopaiyi,1.0.0,deepin-v23,,
biz.zcjt.scanner,1.0.2.0,deepin-v23,,
biz.zcjt.zc-a5930dn,1.0.0-23166,deepin-v23,,
biz.zcjt.zc-a5933dn,1.0.0-23324,deepin-v23,,
biz.zcjt.zhongchu-sane,20240911-6.6.10.030,deepin-v23,,
blinken,21.08.0-1,deepin-v23,,
blueman,2.3.5-3deepin0+rb1,deepin-v23,,
brasero,3.12.3-2,deepin-v23,,
btop,1.3.0-1,deepin-v23,,
butt,0.1.37-2,deepin-v23,,
caja,1.24.0-1-deepin1,deepin-v23,,
cataclysm-dda-sdl,0.G-4deepin1,deepin-v23,,
cc.lotuscard.demo,1.0.0.0,deepin-v23,,
cf900,1.0,deepin-v23,,
cgoban,1.9.14-19,deepin-v23,,
cherrytree,1.0.2+dfsg-1,deepin-v23,,
chromium,128.0.6613.84-1deepin1,deepin-v23,,
cinnamon-screensaver,5.0.7-1,deepin-v23,,
cinnamon-settings-daemon,5.0.4-2,deepin-v23,,
citizen-cx-02-printerdriver,1.0.0-0,deepin-v23,,
citizen-cx-02s-printerdriver,1.0.0-0,deepin-v23,,
citizen-cx-02w-printerdriver,1.0.0-0,deepin-v23,,
citizen-cy-printerdriver,1.0.0-0,deepin-v23,,
citizen-cz-01-printerdriver,1.0.0-0,deepin-v23,,
claws-mail,4.2.0-2,deepin-v23,,
clipit,1.4.4+git20190202-2,deepin-v23,,
cmake-qt-gui,3.30.5-1,deepin-v23,,
cmatrix,2.0-3,deepin-v23,,
cn.com.hisign.hidscanner,1.0.0-1,deepin-v23,,
cn.com.hisign.hsivlive,3.10.8,deepin-v23,,
cn.com.hsic.demo,1.0.0-1,deepin-v23,,
cn.com.secuprint.smlmfp,1.0.3.0,deepin-v23,,
cn.com.signpro.hwtabletserv,2.7+b69,deepin-v23,,
cn.com.signpro.sphttpserv,3.2+b83,deepin-v23,,
cn.com.tongzhi.crypt.http,1.0.3.4406-1,deepin-v23,,
cn.com.ultrasec.uskmanager,,deepin-v23,,
cn.dascom.dc8600-driver,1.0.0,deepin-v23,,
cn.hengbao.hbd7600-driver,1.0.8,deepin-v23,,
cn.huahom.pam.unlock,0.1.0,deepin-v23,,
cn.hzchancel.fifthfootprint,0.0.1,deepin-v23,,
cn.hzchancel.fouthfootprint,0.0.1,deepin-v23,,
cn.microdone.passguardservice,1.0.0.0,deepin-v23,,
cn.microdone.passguardservice.bj,1.0.0.0,deepin-v23,,
cn.microdone.passguardservice.nb,1.0.0.7,deepin-v23,,
cn.microdone.signmessenger.hz,1.0.0.0,deepin-v23,,
cn.microdone.signmessenger.nb,1.0.0.2,deepin-v23,,
cn.naturalcard.eserver,1.0.0.1,deepin-v23,,
cn.net.zonewin.smartscanner,1.0.11,deepin-v23,,
cn.tianyi.eserver,1.0.0.1,deepin-v23,,
cndrvcups-utility,1.10-1deepin0,deepin-v23,,
cnrdrvcups-ufr2-uk,5.10-1+rb1,deepin-v23,,
cnrdrvcups-ufr2lt-uk,5.00-1deepin0,deepin-v23,,
codeblocks-common,20.03+svn13046-0.2,deepin-v23,,
colossal-cave-adventure,1.4-1.1,deepin-v23,,
com-huashuoaf-finger,1.0.0.3,deepin-v23,,
com.aisino.sktool,,deepin-v23,,
com.aisino.tktool,,deepin-v23,,
com.arc-uds.smartscan,3.1.0.1,deepin-v23,,
com.avision.a4pq-series,1.0.0-23293,deepin-v23,,
com.avision.avision-sane,20231120-8.6.10.020,deepin-v23,,
com.bhyf.bhpainter,2020.12.01-1,deepin-v23,,
com.binup.fingerprint,1.0.0.1,deepin-v23,,
com.bjnja.njaep3kgmutil,1.0.2,deepin-v23,,
com.btit.linuxaction,3.1.10.24194-uosv20,deepin-v23,,
com.canon.ufr2,6.00-1.00,deepin-v23,,
com.centerm.gwq,2021.1.29-1,deepin-v23,,
com.centerm.gwq.common,1.0.0.0-1,deepin-v23,,
com.colortrac,1.0.7,deepin-v23,,
com.comet.comet-sane,20240814-11.7.11.063,deepin-v23,,
com.contexscan,1.0.7,deepin-v23,,
com.czur.scanner,,deepin-v23,,
com.deepin.gomoku,1.0.11,deepin-v23,,
com.deepin.lianliankan,1.0.12,deepin-v23,,
com.deepin.microbox-scanner,1.2.1,deepin-v23,,
com.deli.camera,2.1.7.9,deepin-v23,,
com.deli.printer-c111,1.0.038,deepin-v23,,
com.deli.printer-d11,1.10-1,deepin-v23,,
com.deli.printer-d21,1.10-1,deepin-v23,,
com.delichina.deliscan,4.51.24520.23319,deepin-v23,,
com.elineprint.e-gm3001-an-3in1,1.0.0-20206,deepin-v23,,
com.everfine.finger,2021.11.5-1,deepin-v23,,
com.everspry.escaps,24.7.8.8,deepin-v23,,
com.eyecool.facesdk,,deepin-v23,,
com.farshine.ygdevservice,2.5.2,deepin-v23,,
com.fenglinkeji.scanner,0.0.1-1,deepin-v23,,
com.founder.linuxaction,2.1.96.24365-uosv20,deepin-v23,,
com.founderinternational.founder-sane,20240820-1.6.10.015,deepin-v23,,
com.ftsafe.epass3000gm-spabank,1.2.4-1+b1,deepin-v23,,
com.ftsafe.epass3000gmg-hnxa,1.0.1-1+b1,deepin-v23,,
com.ftsafe.interpass3000-cib,1.0.16.d1-1+b1-uos,deepin-v23,,
com.ftsafe.interpass3000-cmbc,1.3.13.d0-1+b1,deepin-v23,,
com.ftsafe.interpass3000-lfbk,1.0.7-1+b1,deepin-v23,,
com.ftsafe.interpass3000-nbbank,1.0.9,deepin-v23,,
com.ftsafe.interpass3000-rzbank,1.0.1-1+b1,deepin-v23,,
com.ftsafe.interpass3000-scb,1.0.5-1+b1,deepin-v23,,
com.ftsafe.interpass3000-wfbank,1.0.0.d1-1+b1,deepin-v23,,
com.ftsafe.interpass3000zjrc,1.2.21-1+b1,deepin-v23,,
com.ftsafe.interpasscitic,1.2.8-1+b1,deepin-v23,,
com.fujitsu.fsane,2.0.1-2,deepin-v23,,
com.fytech.cfs300b,1.0.0,deepin-v23,,
com.fytech.pfs408,2021.5.8,deepin-v23,,
com.fytech.ps1300,1.0.0,deepin-v23,,
com.ggimage.ggimage-printer,1.0.3-1+uos,deepin-v23,,
com.gmrz.fido,1.0.3.2,deepin-v23,,
com.goke.gksecurity,2.0.3,deepin-v23,,
com.greatwalltech.greatwall-sane,20240918-7.6.10.051,deepin-v23,,
com.gwi.dpm760a-tool,1.0.0,deepin-v23,,
com.haitaichina.htukeytool20079,1.0.0.2404081,deepin-v23,,
com.hanguang.hgfchanguangprinter,1-1,deepin-v23,,
com.hanguang.hgfcscanner,1-1,deepin-v23,,
com.hanlongbj.omniscan,1,deepin-v23,,
com.hanwang.linuxaction-sdk,2.1.53.22043-uosv20,deepin-v23,,
com.hsreader.demo,1.1.0,deepin-v23,,
com.huagaochina.huagoscan,2.2.3-1+rc4,deepin-v23,,
com.huawei.cv81-series,2.0-88,deepin-v23,,
com.hw.signdriver,1.0.0,deepin-v23,,
com.hw99.hanvon-sane,20230206-9.6.10.053,deepin-v23,,
com.jetbrains.irisking,2021.01.20-1,deepin-v23,,
com.joyusing.gwq,1.0.0,deepin-v23,,
com.joyusing.visualizer,1.0.0,deepin-v23,,
com.joyusing.w05,1.0.0,deepin-v23,,
com.joyusing.writingpad,1.0.0,deepin-v23,,
com.kinghun.kinghuncamera,1.0.0,deepin-v23,,
com.lanxum-ga-series,1.0.1,deepin-v23,,
com.lanxum.ga2630dn-psm-2in1,1.0.0-20301,deepin-v23,,
com.lanxum.ga30-psm-2in1,1.0.0-21032,deepin-v23,,
com.lanxum.ga7030dn-psm-2in1,1.0.0-21034,deepin-v23,,
com.lanxum.gasd06.printerdriver,1.0.0-5+0,deepin-v23,,
com.lanxum.gd34xxdn,3.3.0,deepin-v23,,
com.lanxum.linuxaction,2.1.91.24084-uosv20,deepin-v23,,
com.lanxum.printdevicemanager,2.0.0-2+0,deepin-v23,,
com.lanxum.rongtuscan,2.0.9,deepin-v23,,
com.lanxum.sp1800-1-driver,1.1.0,deepin-v23,,
com.lanxum.sp1800-1-tool,1.1.0,deepin-v23,,
com.lenovo.lenovo-gpy,2.1.7.3,deepin-v23,,
com.microtek.scaner,1.0.0-9c,deepin-v23,,
com.mindeo.scannertext,1.2.2.4,deepin-v23,,
com.mt.cnlinux,1.0.0.3,deepin-v23,,
com.mt.cnsscard,1.0.0.4,deepin-v23,,
com.nantian.bpport,1.0.0.20210910,deepin-v23,,
com.nantian.clientscreen,1.0.2.02261802,deepin-v23,,
com.nantian.mmjp,1.0.0.20210312,deepin-v23,,
com.nbdeli.camera,,deepin-v23,,
com.nbdeli.deli-sane,20240820-5.7.10.027,deepin-v23,,
com.ncmem.down2,2020.12.3-1,deepin-v23,,
com.ncmem.up6,2020.12.3-1,deepin-v23,,
com.ncmem.wordpaster,2020.12.3-1,deepin-v23,,
com.neutralchina.neuscan,4.52.26520.24289,deepin-v23,,
com.pantum.pantum,7.4.182-1+uos,deepin-v23,,
com.pantum.pantum-235-325-2165,1.0.0ab02-1+uos,deepin-v23,,
com.pantum.pantum-scan-assistant,3.0.1,deepin-v23,,
com.pantum.pantumprint,1.1.24-1+uos,deepin-v23,,
com.plustek.linuxaction,3.0.3.22342-uosv20,deepin-v23,,
com.racertech.usbdisp,1.0.0-1,deepin-v23,,
com.ricoh.pfu.fsane,4.0.1-1,deepin-v23,,
com.ricoh.universalscan,,deepin-v23,,
com.rightcolor,1.0.7,deepin-v23,,
com.scanner.hanguang,1.0-1,deepin-v23,,
com.semxum.aisystem,1.0.0-2+b1,deepin-v23,,
com.shensi.websocket,1.58,deepin-v23,,
com.sogou.ime.ng.fcitx5.deepin,10.0.9.0.8-981,deepin-v23,,
com.sunrise.demo,2.2.2,deepin-v23,,
com.sunrise.device,2020.09.15-1,deepin-v23,,
com.sxylzinfo.sxsscardsv,3.5.15,deepin-v23,,
com.szshenshu.aidemo,2022.01.11-1,deepin-v23,,
com.tdr.uosicbc,9.0.6-5,deepin-v23,,
com.tg.aqdl,4.1.0.1,deepin-v23,,
com.toec.oem3000dn,2.6-4,deepin-v23,,
com.toec.toeca3oemseries,1.0,deepin-v23,,
com.toec.toeca3series,2.5-7.1,deepin-v23,,
com.toec.toeca4faxseries,2.6-4.1,deepin-v23,,
com.toec.toeca4printer,1.0-18.2,deepin-v23,,
com.toec.toeca4series,2.7-3,deepin-v23,,
com.toec.toecmyseries,3.0.0.11,deepin-v23,,
com.toec.toecrlseries,1.1-7,deepin-v23,,
com.toec.toecrlwseries,1.1-1,deepin-v23,,
com.toec.toecscanner,2.6-4,deepin-v23,,
com.tr.gpyapp,1.0.0.2,deepin-v23,,
com.utel.uboxweb,1.0.0.10,deepin-v23,,
com.wendouscanner,1.1,deepin-v23,,
com.winmage.winmage-sane,20240911-4.6.10.053,deepin-v23,,
com.winuim.wmr06,1.0.0.4-1,deepin-v23,,
com.wsd.gpy,1.0.26,deepin-v23,,
com.yjcloud.asr.agent,5.0.0,deepin-v23,,
com.za.ld8800,3.0.1.2,deepin-v23,,
com.za.zaz301,3.0.1.2,deepin-v23,,
com.zebra.jaguardriver,1.0.0.0,deepin-v23,,
com.zhiankeji.hs108,1.0.1-1,deepin-v23,,
com.zhiankeji.hs110,1.0.1-1,deepin-v23,,
com.ztsave.ztfinger,1.0.0-1,deepin-v23,,
conky-all,1.21.1-1,deepin-v23,,
conky-cli,1.21.1-1,deepin-v23,,
conky-std,1.21.1-1,deepin-v23,,
cool-retro-term,1.2.0+ds2-1,deepin-v23,,
cppcheck-gui,2.13.0-2,deepin-v23,,
cutecom,0.30.3-1,deepin-v23,,
d-feet,0.3.16-3,deepin-v23,,
d-spy,1.9.0-1,deepin-v23,,
dascom-d300c-driver,,deepin-v23,,
dascom-d300kp-driver,,deepin-v23,,
dascom-d300rw-driver,,deepin-v23,,
dascom-r600-driver,,deepin-v23,,
dde-calendar,5.14.7,deepin-v23,,
dde-control-center,6.0.75+deepin0+rb1,deepin-v23,,
dde-cooperation,1.0.2-1,deepin-v23,,
dde-desktop,6.5.10.4,deepin-v23,,
dde-device-formatter,0.0.1.16,deepin-v23,,
dde-file-manager,6.5.10.4,deepin-v23,,
dde-introduction,7.0.9,deepin-v23,,
dde-printer,1.0.25-1+1060,deepin-v23,,
dde-session-shell,6.0.23,deepin-v23,,
deepin-album,5.10.25,deepin-v23,,
deepin-app-store,8.0.7.0010,deepin-v23,,
deepin-boot-maker,5.7.10,deepin-v23,,
deepin-calculator,6.0.1,deepin-v23,,
deepin-camera,6.5.5,deepin-v23,,
deepin-compatibility-mode,0.1.2,deepin-v23,,
deepin-compressor,6.0.2,deepin-v23,,
deepin-data-transfer,1.0.2-1,deepin-v23,,
deepin-deb-installer,6.5.0,deepin-v23,,
deepin-devicemanager,6.0.28,deepin-v23,,
deepin-diskmanager,1.4.1,deepin-v23,,
deepin-distrobox-ubuntu,0,deepin-v23,,
deepin-draw,7.0.4,deepin-v23,,
deepin-editor,6.5.7,deepin-v23,,
deepin-feedback,6.0.0,deepin-v23,,
deepin-font-manager,6.5.3,deepin-v23,,
deepin-home,1.6.3,deepin-v23,,
deepin-image-viewer,5.9.20,deepin-v23,,
deepin-log-viewer,6.5.2,deepin-v23,,
deepin-mail,6.4.10,deepin-v23,,
deepin-manual,6.5.6.1,deepin-v23,,
deepin-movie,6.0.13-1,deepin-v23,,
deepin-music,6.2.40,deepin-v23,,
deepin-ocr,1.1.2,deepin-v23,,
deepin-picker,6.0.1,deepin-v23,,
deepin-reader,6.5.2,deepin-v23,,
deepin-screen-recorder,6.0.9+deepin0+rb1,deepin-v23,,
deepin-system-monitor,6.5.2,deepin-v23,,
deepin-system-upgrade,6.0.3,deepin-v23,,
deepin-terminal,6.0.16,deepin-v23,,
deepin-unioncode,1.4.8-1,deepin-v23,,
deepin-voice-note,6.0.17,deepin-v23,,
deli-printer-a111,1.1.022,deepin-v23,,
deluge-gtk,2.0.3-3.1,deepin-v23,,
dillo,3.0.5-7,deepin-v23,,
diodon,1.11.2-1,deepin-v23,,
distccmon-gnome,3.4+really3.4-4deepin1,deepin-v23,,
djview4,4.12-3,deepin-v23,,
dolphin,21.08.2-1deepin0,deepin-v23,,
dragonplayer,21.08.0-1,deepin-v23,,
drkonqi,5.23.3-1,deepin-v23,,
dummyapp-wpsoffice,1.0.2,deepin-v23,,
easyeffects,7.1.7-1,deepin-v23,,
edb-debugger,1.3.0-2.1deepin0,deepin-v23,,
emacs-common,29.1+1-5,deepin-v23,,
emacs-gtk,29.1+1-5,deepin-v23,,
emacs-lucid,29.1+1-5,deepin-v23,,
emacs-pgtk,29.1+1-5,deepin-v23,,
engrampa,1.24.1-deepin1,deepin-v23,,
epson-tdbridge-pp100api,2.5.2,deepin-v23,,
epsonscan2,6.7.42.10-1,deepin-v23,,
eskeysetuplog-admin,6.3.0.3,deepin-v23,,
evilwm,1.4.2-1,deepin-v23,,
evolution-data-server,3.50.1-1+rb1,deepin-v23,,
exfalso,4.6.0-3,deepin-v23,,
fbreader,0.12.10dfsg2-6deepin0,deepin-v23,,
fcitx-config-gtk,0.4.10.32-2deepin,deepin-v23,,
fcitx-data,4.2.9.32.38-deepin,deepin-v23,,
fcitx5,5.1.11-2deepin2,deepin-v23,,
fcitx5-config-qt,5.1.2-1deepin6+rb1,deepin-v23,,
fcitx5-frontend-qt5,5.1.8-2deepin1+rb1,deepin-v23,,
fcitx5-frontend-qt6,5.1.8-2deepin1+rb1,deepin-v23,,
featherpad,0.17.1-1,deepin-v23,,
ffado-mixer-qt4,2.4.9-1,deepin-v23,,
filelight,21.08.0-1deepin0,deepin-v23,,
filezilla,3.66.4-2deepin0,deepin-v23,,
firefox,131.0.3-1deepin1,deepin-v23,,
firefox-esr,115.2.1esr-1,deepin-v23,,
firewall-config,2.1.2-1,deepin-v23,,
fish-common,3.7.1-1,deepin-v23,,
flameshot,12.1.0-3,deepin-v23,,
fltk1.1-games,1.1.10-29,deepin-v23,,
fltk1.3-games,1.3.8-5deepin,deepin-v23,,
fluid,1.3.8-5deepin,deepin-v23,,
fontforge,20230101~dfsg-3,deepin-v23,,
foot,1.15.3-2deepin,deepin-v23,,
founder-sane-backend,20200526-1.4.5.011,deepin-v23,,
four-in-a-row,3.38.1-deepin1,deepin-v23,,
fritzing,0.9.6+dfsg-1,deepin-v23,,
galculator,2.1.4-1.1,deepin-v23,,
gamgi,0.17.5-1,deepin-v23,,
gammaray,2.11.3-3,deepin-v23,,
gcr,3.41.1-3,deepin-v23,,
gddccontrol,1.0.3-1deepin1,deepin-v23,,
gdebi,0.9.5.7+nmu7,deepin-v23,,
geany,1.38-1,deepin-v23,,
gedit,41.0-2,deepin-v23,,
geoclue-2-demo,2.7.1-2,deepin-v23,,
geoclue-2.0,2.7.1-2,deepin-v23,,
gftp-gtk,2.8.0~beta-1,deepin-v23,,
ghex,3.41.0-1,deepin-v23,,
gimp,2.10.38-1deepin2,deepin-v23,,
gkbd-capplet,3.28.1-1,deepin-v23,,
glade,3.40.0-3deepin1+rb1,deepin-v23,,
gnugo,3.8-11,deepin-v23,,
goldendict,1.5.0-1,deepin-v23,,
gpac,2.2.1+dfsg1-3,deepin-v23,,
gparted,1.5.0-1deepin0,deepin-v23,,
gpicview,0.2.5-deepin1,deepin-v23,,
gprename,20210415-1,deepin-v23,,
gprompter,0.9.1-2.2-deepin1+rb1,deepin-v23,,
gpsd-clients,3.25-2deepin3,deepin-v23,,
gpy,1.0.2.20210607,deepin-v23,,
granatier,21.08.0-1,deepin-v23,,
grandprinter-mfp,1.0.0-22041,deepin-v23,,
granite-demo,6.1.2-1,deepin-v23,,
groovy,2.4.21-1,deepin-v23,,
grsync,1.3.0-1,deepin-v23,,
grub-customizer,5.2.3-1deepin0,deepin-v23,,
gtk-3-examples,3.24.41-1deepin3,deepin-v23,,
gtk-4-examples,4.12.3+ds-1deepin1,deepin-v23,,
gtk-vector-screenshot,0.3.3-1,deepin-v23,,
gucharmap,15.1.5-1,deepin-v23,,
gufw,20.04.1-2,deepin-v23,,
guvcview,2.0.8-1+rb2,deepin-v23,,
gwaei,3.6.2-9,deepin-v23,,
hexchat,2.16.1-1,deepin-v23,,
hoteldruid,3.0.3-1,deepin-v23,,
hotspot,1.3.0-2,deepin-v23,,
hplip-gui,3.22.10+dfsg0-5deepin2,deepin-v23,,
hsqldb-utils,2.6.1-1,deepin-v23,,
htmldoc,1.9.13-1,deepin-v23,,
htop,3.2.2-2,deepin-v23,,
huawei-pixlab-series,1.0-71,deepin-v23,,
hwloc,2.11.0-2,deepin-v23,,
iagno,3.38.1-2,deepin-v23,,
ibus,1.5.29~rc1-1,deepin-v23,,
ibus-cangjie,2.4-7,deepin-v23,,
ibus-chewing,1.6.1-2,deepin-v23,,
ibus-pinyin,1.5.0-11,deepin-v23,,
ibus-table,1.14.1-1,deepin-v23,,
ibus-unikey,0.7.0~beta1-1deepin0,deepin-v23,,
icecc-monitor,3.3-2,deepin-v23,,
id-fingerprint-scanner,1.7,deepin-v23,,
idle,3.12.1-1deepin1,deepin-v23,,
idle-python2.7,2.7.18.1-1+deepin,deepin-v23,,
idle-python3.11,3.11.8-1,deepin-v23,,
idle-python3.12,3.12.4-0deepin1,deepin-v23,,
im-config,0.57-2deepin2,deepin-v23,,
imagemagick-6.q16,6.9.13.12+dfsg1-1deepin1,deepin-v23,,
imagemagick-6.q16hdri,6.9.13.12+dfsg1-1deepin1,deepin-v23,,
imagination,3.6-1,deepin-v23,,
info,7.1-2deepin1,deepin-v23,,
inkscape,1.2.2-4,deepin-v23,,
isag,12.7.5-2,deepin-v23,,
juk,21.08.0-1deepin0,deepin-v23,,
jupyter-notebook,6.4.12-2.2,deepin-v23,,
kalgebra,21.08.0-1,deepin-v23,,
kalgebramobile,21.08.0-1,deepin-v23,,
kalzium,21.08.0-1deepin0,deepin-v23,,
kanagram,21.08.0-1,deepin-v23,,
kapman,21.08.0-1,deepin-v23,,
kapptemplate,21.08.0-1,deepin-v23,,
kasumi,2.5-10deepin0,deepin-v23,,
kate,21.08.2-1deepin0,deepin-v23,,
katomic,21.08.0-1,deepin-v23,,
kblackbox,21.08.0-1,deepin-v23,,
kblocks,21.08.0-1,deepin-v23,,
kbounce,21.08.0-1,deepin-v23,,
kbreakout,21.08.0-1,deepin-v23,,
kbruch,21.08.0-1,deepin-v23,,
kcachegrind,21.08.0-1,deepin-v23,,
kcalc,21.08.0-1,deepin-v23,,
kcharselect,21.08.0-1,deepin-v23,,
kcolorchooser,21.08.0-1deepin0,deepin-v23,,
kded5,5.103.0-1,deepin-v23,,
kdf,21.08.0-1,deepin-v23,,
kdiamond,21.08.0-1,deepin-v23,,
kdiff3,1.10.7-1,deepin-v23,,
keditbookmarks,21.08.0-1,deepin-v23,,
kernelshark,2.9.3+really2.3.1-2,deepin-v23,,
kfind,21.08.0-1,deepin-v23,,
kfourinline,21.08.0-1,deepin-v23,,
kgeography,21.08.0-1,deepin-v23,,
kgoldrunner,21.08.0-1,deepin-v23,,
kgpg,21.08.0-deepin1,deepin-v23,,
khelpcenter,21.08.0-1deepin0,deepin-v23,,
kig,21.08.0-1+rb3,deepin-v23,,
kigo,21.08.0-1,deepin-v23,,
kimagemapeditor,21.08.0-1deepin0,deepin-v23,,
kio,5.103.0-1deepin0,deepin-v23,,
kiriki,21.08.0-1,deepin-v23,,
kiten,21.08.0-1deepin0,deepin-v23,,
kitty,0.35.2-1,deepin-v23,,
kjumpingcube,21.08.0-1,deepin-v23,,
kleopatra,21.08.1-2deepin0,deepin-v23,,
klettres,21.08.0-1,deepin-v23,,
klickety,21.08.0-1,deepin-v23,,
klines,21.08.0-1,deepin-v23,,
kmag,21.08.0-1,deepin-v23,,
kmahjongg,21.08.3-1,deepin-v23,,
kmines,21.08.0-1,deepin-v23,,
kmix,21.08.3-1deepin0,deepin-v23,,
kmousetool,21.08.0-1deepin0,deepin-v23,,
kmouth,21.08.0-1,deepin-v23,,
kmplot,21.08.0-1,deepin-v23,,
knavalbattle,21.08.0-1,deepin-v23,,
kollision,21.08.0-1,deepin-v23,,
kolourpaint,21.08.2-1,deepin-v23,,
kompare,21.08.0-1,deepin-v23,,
konquest,21.08.0-1,deepin-v23,,
konsole,21.08.2-1,deepin-v23,,
kontrast,21.08.0-1,deepin-v23,,
kpat,21.08.0-1,deepin-v23,,
krdc,21.08.0-2,deepin-v23,,
krfb,23.8.2-deepin,deepin-v23,,
kruler,22.12.3-1,deepin-v23,,
kshisen,21.08.0-1,deepin-v23,,
ksnakeduel,21.08.0-1,deepin-v23,,
kspaceduel,21.08.0-1,deepin-v23,,
ksquares,21.08.0-1,deepin-v23,,
ksystemlog,21.08.0-1,deepin-v23,,
kteatime,21.08.0-1,deepin-v23,,
ktimer,21.08.0-1,deepin-v23,,
ktouch,21.08.0-1,deepin-v23,,
ktservice-driver-kaer,1.0.28,deepin-v23,,
kturtle,21.08.0-1deepin0,deepin-v23,,
kuiviewer,22.12.3-1,deepin-v23,,
kuserfeedback-bin,1.0.0-3deepin1+rb4,deepin-v23,,
kwalletmanager,21.08.0-1,deepin-v23,,
kwrite,21.08.2-1deepin0,deepin-v23,,
kyodialog,9.4-0,deepin-v23,,
lanxum-ga2820dn,1.0,deepin-v23,,
lanxum-sane-backend,20200707-2.6.8.020,deepin-v23,,
lanxum-touchscreen,1.0.2-2020.05.27,deepin-v23,,
laptop-mode-tools,1.74-1.1,deepin-v23,,
lenovo-100-m1520-m1688-series,1.0-43,deepin-v23,,
lenovo-image-g-series,1.0-17,deepin-v23,,
lenovo-image-lj23-series,1.0-16deepin0,deepin-v23,,
lenovo-printer-driver,1.51-230329,deepin-v23,,
lenovo-sane-backend,0.1.0-21166,deepin-v23,,
lenovo-spx251-321-series,1.5.7-2,deepin-v23,,
lftp,4.9.2-1,deepin-v23,,
libadwaita-1-examples,1.5.0-1deepin1+rb1,deepin-v23,,
libelementary-bin,1.26.3-2deepin0,deepin-v23,,
libfm-tools,1.3.2-1,deepin-v23,,
libglib2.0-tests,2.80.1-1deepin1,deepin-v23,,
libkf5guiaddons-bin,5.103.0-1,deepin-v23,,
libkf5newstuff-data,5.103.0-1,deepin-v23,,
libkf5wallet-bin,5.103.0-1deepin0,deepin-v23,,
libportal-tests,0.4-2,deepin-v23,,
libreoffice-base,24.2.0-1deepin2,deepin-v23,,
libreoffice-calc,24.2.0-1deepin2,deepin-v23,,
libreoffice-common,24.2.0-1deepin2,deepin-v23,,
libreoffice-draw,24.2.0-1deepin2,deepin-v23,,
libreoffice-impress,24.2.0-1deepin2,deepin-v23,,
libreoffice-math,24.2.0-1deepin2,deepin-v23,,
libreoffice-writer,24.2.0-1deepin2,deepin-v23,,
libts-bin,1.22-1+rb3,deepin-v23,,
libxfce4ui-utils,4.18.6-1,deepin-v23,,
lightsoff,40.0.1-1,deepin-v23,,
linglong-installer,1.6.3-1,deepin-v23,,
links2,2.25.1-1+dde,deepin-v23,,
lokalize,21.08.0-1deepin0,deepin-v23,,
love,11.4-1,deepin-v23,,
lshw-gtk,02.19.git.2021.06.19.996aaad9c7-2deepin0,deepin-v23,,
lskat,21.08.0-1,deepin-v23,,
luckybackup,0.5.0-5,deepin-v23,,
lxappearance,0.6.3-deepin1,deepin-v23,,
lxhotkey-gtk,0.1.1-1,deepin-v23,,
lximage-qt,0.16.0-1deepin0,deepin-v23,,
lxinput,0.3.5-deepin1,deepin-v23,,
lxpanel,0.10.1-2,deepin-v23,,
lxqt-about,0.16.0-1,deepin-v23,,
lxqt-admin,0.16.0-1,deepin-v23,,
lxqt-config,0.16.1-1deepin0,deepin-v23,,
lxqt-globalkeys,0.16.0-1,deepin-v23,,
lxqt-notificationd,0.16.0-1,deepin-v23,,
lxqt-powermanagement,0.16.0-1,deepin-v23,,
lxqt-session,0.16.0-1,deepin-v23,,
lxrandr,0.3.2-deepin1,deepin-v23,,
lxsession-default-apps,0.5.5-deepin1,deepin-v23,,
lxsession-edit,0.5.5-deepin1,deepin-v23,,
lxterminal,0.4.0-1,deepin-v23,,
lyx,2.3.6.1-deepin1+rb4,deepin-v23,,
malcontent-gui,0.11.1-3deepin1,deepin-v23,,
marble,21.08.3-1deepin0,deepin-v23,,
marble-data,21.08.3-1deepin0,deepin-v23,,
marble-maps,21.08.3-1deepin0,deepin-v23,,
marble-qt,21.08.3-1deepin0,deepin-v23,,
marco,1.24.1-3,deepin-v23,,
mate-control-center,1.24.1-deepin1,deepin-v23,,
mate-desktop,1.24.1-2,deepin-v23,,
mate-notification-daemon,1.24.1-deepin1,deepin-v23,,
mate-session-manager,1.24.1-2,deepin-v23,,
mate-terminal,1.24.1-deepin1,deepin-v23,,
mc,4.8.31-1,deepin-v23,,
mediainfo-gui,22.06-1deepin0,deepin-v23,,
meld,3.22.2-1,deepin-v23,,
metacity,3.42.0-1,deepin-v23,,
minetest,5.6.1+dfsg+~1.9.0mt8+dfsg-2,deepin-v23,,
minicom,2.8-2,deepin-v23,,
minuet,21.08.0-1,deepin-v23,,
mono-tools-gui,4.2-3.1,deepin-v23,,
monodoc-http,4.2-3.1,deepin-v23,,
mousepad,0.5.2-1,deepin-v23,,
mozc-utils-gui,2.28.4715.102+dfsg-2.3deepin1,deepin-v23,,
mpv,0.38.0-1deepin1,deepin-v23,,
mupdf,1.23.7+ds1-1,deepin-v23,,
mutt,2.2.13-1,deepin-v23,,
nemo,5.0.5-1,deepin-v23,,
neovim-runtime,0.9.4-deepin,deepin-v23,,
net.hesan.gpy,1.0.26,deepin-v23,,
network-manager-gnome,1.34.0-2,deepin-v23,,
notification-daemon,3.20.0-deepin1,deepin-v23,,
nvtop,3.0.2-1,deepin-v23,,
obs-studio,31.0.2,obs-studio,https://github.com/obsproject/obs-studio/releases/download/31.0.2/OBS-Studio-31.0.2-Ubuntu-24.04-x86_64.deb,OBS-Studio-31.0.2-Ubuntu-24.04-x86_64.deb
ocaml-interp,4.13.1-4,deepin-v23,,
okteta,0.26.6-1,deepin-v23,,
okular,23.08.1-2deepin0,deepin-v23,,
okular-extra-backends,23.08.1-2deepin0,deepin-v23,,
okular-mobile,23.08.1-2deepin0,deepin-v23,,
onboard,1.4.1.1-deepin7+rb1,deepin-v23,,
openbox,3.6.1-9+deb11u1,deepin-v23,,
openjdk-8-jre,8u422-b05-1deepin1,deepin-v23,,
opensc,0.25.1-1,deepin-v23,,
org.deepin.browser,6.5.2-1,deepin-v23,,
org.deepin.downloader,5.3.77,deepin-v23,,
org.hm1032f.jyy,,deepin-v23,,
org.szra.uosboscukey,3.28.2.4-b3,deepin-v23,,
org.szra.uoscibukey,3.30.2.4-b5,deepin-v23,,
org.szra.uoslzbukey,3.33.2.4-b5,deepin-v23,,
org.szra.uosxabukey,3.29.2.4-b5,deepin-v23,,
palapeli,21.08.0-1deepin0,deepin-v23,,
parole,4.18.0-1,deepin-v23,,
pavucontrol,5.0-2,deepin-v23,,
pavucontrol-qt,0.16.0-1,deepin-v23,,
pcmanfm,1.3.2-1,deepin-v23,,
pcmanfm-qt,0.16.0-1,deepin-v23,,
pcp-gui,6.3.1-1,deepin-v23,,
pidgin,2.14.8-1,deepin-v23,,
pipewalker,0.9.4-5,deepin-v23,,
polkit-kde-agent-1,5.23.3-1,deepin-v23,,
prerex,6.8.0-1,deepin-v23,,
printer-driver-foo2zjs-common,20200505dfsg0-2,deepin-v23,,
printer-driver-grandprinter-mfp-notcm,1.0.0-22312,deepin-v23,,
printer-driver-lanxum-ga-series,1.0.0-24157,deepin-v23,,
pterm,0.81-1,deepin-v23,,
putty,0.81-1,deepin-v23,,
python2.7,2.7.18.1-1+deepin,deepin-v23,,
python3.11,3.11.8-1,deepin-v23,,
python3.12,3.12.4-0deepin1,deepin-v23,,
qapt-deb-installer,3.0.5.2-deepin3,deepin-v23,,
qdirstat,1.8.1-3,deepin-v23,,
qemu-system-data,8.2.0+ds-1deepin8,deepin-v23,,
qlipper,5.1.2-deepin1,deepin-v23,,
qps,2.2.0-1deepin0,deepin-v23,,
qt5-assistant,5.15.8-1+dde1,deepin-v23,,
qtcreator,15.0.0~beta2-2,deepin-v23,,
qterminal,0.16.1-1,deepin-v23,,
qttools5-dev-tools,5.15.8-1+dde1,deepin-v23,,
quadrapassel,40.2-1,deepin-v23,,
quodlibet,4.6.0-3,deepin-v23,,
qv4l2,1.26.1-3deepin0,deepin-v23,,
qvidcap,1.26.1-3deepin0,deepin-v23,,
r-base-core,4.4.1-3,deepin-v23,,
reader-ty19-all,1.0.0,deepin-v23,,
recollgui,1.31.0-1deepin1+rb1,deepin-v23,,
redshift,1.12-4.2,deepin-v23,,
redshift-gtk,1.12-4.2,deepin-v23,,
remmina,1.4.34+dfsg-1,deepin-v23,,
rhythmbox,3.4.7-2,deepin-v23,,
ristretto,0.13.1-1,deepin-v23,,
rocs,21.08.0-1deepin0,deepin-v23,,
rofi,1.7.5-0.1,deepin-v23,,
sakura,3.8.8-1,deepin-v23,,
sane-start,1.1.2,deepin-v23,,
scanner-driver-avision-withtool,0.1.0-23177,deepin-v23,,
scanner-driver-founder,0.1.0-24228,deepin-v23,,
scanner-driver-microtek,2.1.2.0,deepin-v23,,
scanner-driver-zcjt,2.1.0.3,deepin-v23,,
scanux-base,3.0.15.14,deepin-v23,,
scim,1.4.18-2-deepin1+rb1,deepin-v23,,
seahorse,41.0-1+rb2,deepin-v23,,
signon-ui-x11,0.17+16.04.20151125-1,deepin-v23,,
simple-scan,44.0-1,deepin-v23,,
smplayer,22.7.0~ds0-1,deepin-v23,,
snapd,2.65.1-1,deepin-v23,,
software-properties-gtk,0.96.20.2-2.1,deepin-v23,,
software-properties-kde,0.96.20.2-2.1,deepin-v23,,
starshine-scantool,6.7.66.0-1,deepin-v23,,
stoken,0.92-1,deepin-v23,,
sweeper,21.08.0-1,deepin-v23,,
sxsscardserver,3.5.15,deepin-v23,,
synaptic,0.91.3,deepin-v23,,
sysprof,46.0-1,deepin-v23,,
termit,3.1-3,deepin-v23,,
texlive-base,2024.20241115-1deepin1,deepin-v23,,
texstudio,4.7.2+ds-2,deepin-v23,,
thunar,4.16.8-1,deepin-v23,,
thunderbird,128.3.0esr-1deepin2,deepin-v23,,
tigervnc-viewer,1.12.0+dfsg-8,deepin-v23,,
timeshift,23.07.1-1,deepin-v23,,
timidity,2.14.0-deepin1,deepin-v23,,
tint2,17.0.1-1,deepin-v23,,
toec-mpseries,2.1-7,deepin-v23,,
uget,2.2.3-2,deepin-v23,,
uim-gtk2.0,1.8.8-9.5,deepin-v23,,
uima-utils,2.10.2-4,deepin-v23,,
uos-ai,2.3.2-1,deepin-v23,,
viewnior,1.6-1deepin0,deepin-v23,,
vim-common,9.1.0777-1deepin1,deepin-v23,,
vim-gui-common,9.1.0777-1deepin1,deepin-v23,,
vino,3.22.0-6,deepin-v23,,
virt-manager,4.1.0-2,deepin-v23,,
virt-viewer,11.0-3,deepin-v23,,
virtualbox-qt,7.0.20-dfsg-1,deepin-v23,,
vlc,3.0.21-2,deepin-v23,,
vprerex,6.5.1-deepin1+rb1,deepin-v23,,
webscanserver,20240822.3.0.1933,deepin-v23,,
winmage-sane-backend,20200522-1.5.7.015,deepin-v23,,
winmage-sane-backend-dual,20240911-4.6.10.053,deepin-v23,,
wireshark,4.4.0-1,deepin-v23,,
wmgui,0.6.91-4deepin1,deepin-v23,,
wpagui,2.10-deepin1,deepin-v23,,
x11vnc,0.9.16-9,deepin-v23,,
xarchiver,0.5.4.17-3,deepin-v23,,
xball,3.0.1-2,deepin-v23,,
xdg-desktop-portal-gtk,1.10.0-3,deepin-v23,,
xfburn,0.6.2-1,deepin-v23,,
xfce4-appfinder,4.16.1-1,deepin-v23,,
xfce4-clipman,1.6.2-1,deepin-v23,,
xfce4-panel,4.16.3-1,deepin-v23,,
xfce4-session,4.16.0-1,deepin-v23,,
xfce4-settings,4.16.2-1,deepin-v23,,
xfdesktop4,4.16.0-1,deepin-v23,,
xfwm4,4.16.1-1,deepin-v23,,
xhtml2ps,1.0b7-6,deepin-v23,,
xsane,0.999-12.1,deepin-v23,,
xscreensaver,6.02+dfsg1-3,deepin-v23,,
xscreensaver-data,6.02+dfsg1-3,deepin-v23,,
xscreensaver-data-extra,6.02+dfsg1-3,deepin-v23,,
xscreensaver-gl,6.02+dfsg1-3,deepin-v23,,
xscreensaver-gl-extra,6.02+dfsg1-3,deepin-v23,,
xscreensaver-screensaver-bsod,6.02+dfsg1-3,deepin-v23,,
xscreensaver-screensaver-webcollage,6.02+dfsg1-3,deepin-v23,,
xterm,369-1,deepin-v23,,
xwayland,24.1.4-0deepin,deepin-v23,,
zaz,1.0.1-1deepin0,deepin-v23,,
zenity,4.0.2-1,deepin-v23,,
zutty,0.14.0.20230218+dfsg1-1,deepin-v23,,
