0install,2.18-2ubuntu2,
2048,0.20221023.1237-1,
2048-qt,0.1.6-2build4,
3dchess,0.8.1-21ubuntu1,
3depict,0.0.23-2build3,
4pane,8.0-1build4,
7kaa,2.15.6+ds-1build2,
a2d,2.0.3-2,
a7xpg,0.11.dfsg1-11,
abe,1.1+dfsg-5,
abiword,3.0.5~dfsg-3.2build4,
accerciser,3.42.0-1ubuntu0.1,
accountwizard,23.08.5-0ubuntu3,
ace-of-penguins,1.5~rc2-5ubuntu4,
acetoneiso,2.4-4build2,
achilles,2-12build2,
aclock.app,0.4.0-2build5,
aconnectgui,0.9.0rc2-1-10.3build2,
actiona,3.10.1-1build6,
activity-aware-firefox,0.4.2-1,
activity-log-manager,0.9.7-0ubuntu31,
add64,3.9.3-0ubuntu3,
addressmanager.app,0.4.8-3build6,
adonthell-data,0.3.8-1,
adun.app,0.81-14build4,
aegisub,3.2.2+dfsg-7.1build2,
aeolus,0.10.4-1build3,
aerc,0.17.0-1ubuntu0.24.04.2,
afterstep,2.2.12-17.1build3,
afterstep-data,2.2.12-17.1build3,
agenda.app,0.46-3build3,
aghermann,1.1.2-5build2,
agordejo,0.4.2-0ubuntu1,
airstrike,0.99+1.0pre6a-11,
aisleriot,3.22.31-1build2,
akira,0.0.16-2build2,
akonadiconsole,23.08.5-0ubuntu5.2,
akonadi-import-wizard,23.08.5-0ubuntu4,
akregator,23.08.5-0ubuntu4.1,
alacarte,3.52.0-1,
alacritty,0.13.2-2,
aladin,12.060+dfsg-3,
alarm-clock-applet,0.4.1-5build2,
alex4,1.1-10ubuntu4,
algobox,1.1.1+dfsg-1build2,
alien-arena,7.71.3+dfsg-3ubuntu1,
alienblaster,1.1.0-11,
aliki,0.3.0-6build2,
alkimia-bin,8.1.2-2build2,
allure,0.11.0.0-1,
almanah,0.12.3-2build3,
alsamixergui,0.9.0rc2-1-10.2build2,
alsaplayer-common,0.99.81-2build6,
alsa-scarlett-gui,0.4.0-1,
alsa-tools-gui,1.2.11-1.1,
altos,1.9.17-1ubuntu3,
amberol,0.10.3-3ubuntu1,
amide,1.0.6-5build2,
amoebax,0.2.1+dfsg-6,
amphetamine,0.8.10-21build1,
ams,2.2.1-1build3,
amsynth,1.13.2-1build2,
amule,2.3.3-3build5,
amule-utils-gui,2.3.3-3build5,
anarchism,15.3-3,
android-file-transfer,4.3-1build3,
angband-data,4.2.5+dfsg1-1,
angelfish,23.08.5-0ubuntu3,
angrydd,1.0.1-14,
anki,2.1.15+dfsg-3ubuntu4.1,
ansifilter-gui,2.18+dfsg1-2build2,
antigravitaattori,0.0.3-10build2,
antimicro,3.1.4-2,
antimony,0.9.3-2build9,
anymeal,1.26-1build2,
aobook,1.0.3-3build2,
aoflagger,3.4.0-2build4,
apitrace-gui,11.1+repack-1.2build3,
apostrophe,2.6.3-4,
apper,1.0.0-5build2,
apport-gtk,2.28.1-0ubuntu3.5,
apport-kde,2.28.1-0ubuntu3.5,
apt-offline-gui,1.8.5-1,
apturl-common,0.5.2ubuntu23,
apvlv,0.5.0+repack-2build3,
aqemu,0.9.2-3ubuntu2,
arandr,0.1.11-1,
aranym,1.1.0-2,
aravis-tools,0.8.30-1build2,
arb,6.0.6-7build3,
arc-gui-clients,0.4.6-7build5,
ardentryst,1.71-10,
ardour,8.4.0+ds1-2ubuntu8,
arduino,1.8.19+dfsg1-2,
ares,134+dfsg-1build2,
ario,1.6-1.2build4,
ark,23.08.5-0ubuntu5,
armagetronad,0.2.9.1.1-1build2,
arqiver,0.9.0-1build2,
artemis,18.2.0+dfsg-3,
artha,1.0.5-3build2,
artikulate,23.08.5-0ubuntu3,
asc,2.6.1.0-9build5,
asciijump,1.0.2~beta-10,
ase,3.22.1-4,
aseba,1.6.99+dfsg-9build2,
assaultcube,1.3.0.2+dfsg-5,
astromenace,1.3.2+repack-7,
asunder,3.0.1+ds-1build2,
asylum,0.3.2-3build1,
atanks,6.6~dfsg-1build2,
atari800,5.0.0-1build2,
atomes,1.1.12+repack-2ubuntu2,
atomix,44.0-3build3,
atril,1.26.2-3build2,
audacious,4.3.1-2.1build2,
audacity,3.4.2+dfsg-1deepin0,
audmes,2024.02.18-1build2,
aumix,2.9.1-7.1,
auralquiz,1.0.0-3build3,
aurora-printer-a121,1.0.3,
ausweisapp,2.1.0-1build1,
autokey-gtk,0.95.10-2.1,
autokey-qt,0.95.10-2.1,
auto-multiple-choice,1.6.0-3build4,
autorenamer,0.6-1,
avahi-discover,0.8-13ubuntu6,
avahi-ui-utils,0.8-13ubuntu6,
avogadro,1.99.0-1build2,
awf-gtk3,2.8.0-1build2,
awf-gtk4,2.8.0-1build2,
ayatana-settings,23.11.14-1,
ayatana-webmail,23.12.25+dfsg-1,
backintime-qt,1.4.3-1,
bacula-console-qt,13.0.4-1build3,
bacula-tray-monitor,13.0.4-1build3,
ballerburg,1.2.1-1,
ballview,1.5.0+git20180813.37fc53c-11build5,
ballz,1.0.4-1.1build2,
balsa,2.6.4-2build5,
bambam,1.2.1+dfsg-1,
bambootracker,0.6.1-1build2,
baobab,46.0-1build1,
barrage,1.0.5-1,
barrier,2.4.0+dfsg-4build3,
basex,10.5-1,
basic256,2.0.99.7-2build3,
basilisk2,0.9.20240401-1,
basket,2.49-1build3,
bastet,0.43-7build1,
batmon.app,0.9-2build5,
battery-stats,0.5.6-2.1,
bb,1.3rc1-13,
bbpager,0.4.7-10,
bcnc,0.9.14.318+ds-4,
bdbvu,0.1-3.1build2,
beads,1.1.22-1build4,
bear-factory,0.6.0-8build5,
beneath-a-steel-sky,0.0372-8,
berusky,1.7.2-3build2,
berusky2,0.12-4,
bespokesynth,1.2.1+dfsg-4build4,
betaradio,1.6-1build3,
between,6+dfsg1-4,
bibledit,5.1.002-1build5,
bibletime,3.0.3-3build2,
bibshelf,1.6.0-0ubuntu9,
biglybt,3.4.0.0-1,
bijiben,40.1-6build4,
billard-gl,1.75-17build2,
biloba,0.9.3-11,
biniax2,1.30-7,
bino,2.1-1build2,
biogenesis,0.8-3.1,
birdfont,2.33.1-3build3,
bisheng-engine,2.0.14-1,
bitsnpicas,2.0+ds-2,
biz.zcjt.gaopaiyi,1.0.0,
biz.zcjt.scanner,1.0.2.0,
biz.zcjt.zc-a5930dn,1.0.0-23166,
biz.zcjt.zc-a5933dn,1.0.0-23324,
biz.zcjt.zhongchu-sane,20240911-6.6.10.030,
bkchem,0.14.0~pre4+git20211228-3,
black-box,1.4.8-4build1,
blackbox-terminal,0.14.0-2build2,
blastem,0.6.3.4-1build1,
bleachbit,4.6.0-3,
blender,4.0.2+dfsg-1ubuntu8,
blinken,23.08.5-0ubuntu4,
blobandconquer,1.11-dfsg+20-2,
blobby,1.1+ds-1ubuntu1,
bloboats,1.0.2+dfsg-4,
blobwars,2.00-4ubuntu1,
blockattack,2.8.0-1build1,
blockout2,2.5+dfsg1-1build3,
blocks-of-the-undead,1.0-7build1,
bluedevil,5.27.11-0ubuntu2,
bluefish,2.2.15-1,
blueman,2.3.5-3deepin0+rb1,
blupimania,1.6.2-17-g5f6cf8b-1,
boats,202008-1build2,
boinc-manager,7.24.1+dfsg-4build1,
bomber,23.08.5-0ubuntu3,
bomberclone,0.11.9-7.1,
bookletimposer,0.3.1-4ubuntu1,
bookworm,1.1.2+git20210715-4build3,
boomaga,3.0.0+git13-g7f7ad47-1build4,
bossa,1.9.1-3ubuntu5,
boswars,2.8-2build2,
bouncy,0.6.20071104-9,
bovo,23.08.5-0ubuntu3,
bpython,0.24-1,
brainparty,0.61+dfsg-7,
brasero,3.12.3-2build4,
brewtarget,3.0.6-1build2,
briquolo,0.5.7-11build2,
brp-pacu,2.1.2+git20210421-1build2,
brutalchess,0.5.2+dfsg-8build1,
bsdgames,2.17-33,
btanks,0.9.8083-9build1,
btop,1.3.0-1,
budgie-arm-environment,0.20.13,
budgie-control-center,1.4.0-2build3,
budgie-core,10.9.1-3ubuntu4,
budgie-desktop-environment,0.20.13,
budgie-desktop-view,1.3-2build1,
budgie-hotcorners-applet,1.8.0-1build3,
budgie-previews,1.8.0-1build3,
budgie-quickchar,1.8.0-1build3,
budgie-wallstreet,1.8.0-1build3,
budgie-welcome,0.6.1,
budgie-window-shuffler,1.8.0-1build3,
bugsquish,0.0.6-10,
bumprace,1.5.8-1,
burgerspace,1.9.5-1build1,
bustle,0.8.0-2build2,
butt,0.1.37-2build4,
buzztrax,0.10.2-9build2,
bzflag-client,2.4.26-1build3,
cadabra2,2.4.5.4-0ubuntu1,
caffeine,2.9.12-1,
cairo-dock-core,3.4.1+git20201103.0836f5d1-1build3,
caja,1.26.3-1build3,
caja-actions,1.27.0-1build3,
caja-dropbox,1.26.0-4build2,
caja-eiciel,1.20.1-3build2,
caja-seahorse,1.18.5-3,
calamares,3.3.5-0ubuntu4,
calamares-settings-debian,13.0.5-1,
calamares-settings-kubuntu,24.04.40,
calamares-settings-lubuntu,24.04.40,
calamares-settings-ubuntu-unity,24.04.40,
calc-common,2.15.0.4-1build2,
calf-plugins,0.90.3-4build2,
calibre,7.6.0+ds-1build1,
calindori,23.08.5-0ubuntu4,
calligra-data,3.2.1+dfsg-8build4,
calligra-gemini,3.2.1+dfsg-8build4,
calligraplan,3.3.0-2build2,
calligrasheets,3.2.1+dfsg-8build4,
calligrastage,3.2.1+dfsg-8build4,
calligrawords,3.2.1+dfsg-8build4,
camera.app,0.8.0-13build4,
camitk-actionstatemachine,5.2.0-1build7,
camitk-imp,5.2.0-1build7,
caneda,0.3.1+gitg08e22168-1build2,
cantata,2.5.0.ds1-2build3,
cantor,23.08.5-0ubuntu4.2,
carburetor,4.5.1-1,
cardpeek,0.8.4-1.3build1,
carla,2.5.8-0ubuntu5,
carmetal,4.3-2,
cataclysm-dda-sdl,0.G-4deepin1,
catfish,4.16.4-2,
caveexpress,2.5.2-2,
cavepacker,2.5.2-2,
cb2bib,2.0.1-2build2,
cc.lotuscard.demo,1.0.0.0,
cdogs-sdl,2.0.0+dfsg-1,
cecilia,5.4.1-2,
ceferino,0.97.8+svn37-3,
celluloid,0.26-1build2,
cen64-qt,20200219-alpha-1build2,
ceni,2.33-4,
cenon.app,4.0.6+ds1-2build5,
cervisia,23.08.5-0ubuntu3,
c-evo-dh-gtk2,1.10-1build3,
cf900,1.0,
cgoban,1.9.14-19,
charmap.app,0.3~rc1-4build3,
charmtimetracker,1.12.0-3build2,
chatty,0.8.2-1ubuntu2,
cheese,44.1-1build4,
cheesecutter,2.9+git20211011-2,
chemtool,1.6.14-6build2,
cherrytree,1.1.2+dfsg-1,
chessx,1.4.6-2build3,
chewing-editor,0.1.1-5build2,
chiaki,2.2.0-1build3,
chirp,20240224-1ubuntu0.1,
chocolate-doom,3.0.1+really3.0.0+git1548-1build2,
choqok,1.7.0-2build2,
chroma,1.19-1ubuntu1,
chromium,128.0.6613.84-1deepin1,
chromium-browser,1snap1-0ubuntu2,
chromium-bsu,0.9.16.1-3,
chromono,1.1.1-1.1,
cinnamon,6.0.4-4,
cinnamon-control-center,6.0.1-3,
cinnamon-screensaver,6.0.3-1build2,
cinnamon-settings-daemon,6.0.0-1build4,
circuslinux,1.0.3-35,
citizen-cx-02-printerdriver,1.0.0-0,
citizen-cx-02s-printerdriver,1.0.0-0,
citizen-cx-02w-printerdriver,1.0.0-0,
citizen-cy-printerdriver,1.0.0-0,
citizen-cz-01-printerdriver,1.0.0-0,
ckb-next,0.6.0+dfsg-0.2build2,
clamtk,6.07-1.1,
clamz,0.5-2.1build2,
clapper,0.5.2-8build2,
classicmenu-indicator,0.11-0ubuntu1,
classified-ads,0.15-1build3,
clawsker,1.3.8-1,
claws-mail,4.2.0-2build7,
clementine,1.4.0~rc1+git867-g9ef681b0e+dfsg-1ubuntu4,
clipit,1.4.5+git20210313-2,
clips,6.30-4.1build1,
cloudcompare,2.11.3-7.1build3,
clustalx,2.1+lgpl-9build2,
clusterssh,4.16-4,
cmake-qt-gui,3.30.5-1,
cmatrix,2.0-6,
cmst,2023.03.14-1build2,
cn.com.hisign.hidscanner,1.0.0-1,
cn.com.hisign.hsivlive,3.10.8,
cn.com.hsic.demo,1.0.0-1,
cn.com.secuprint.smlmfp,1.0.3.0,
cn.com.signpro.hwtabletserv,2.7+b69,
cn.com.signpro.sphttpserv,3.2+b83,
cn.com.tongzhi.crypt.http,1.0.3.4406-1,
cn.com.ultrasec.uskmanager,,
cn.dascom.dc8600-driver,1.0.0,
cndrvcups-utility,1.10-1deepin0,
cn.hengbao.hbd7600-driver,1.0.8,
cn.huahom.pam.unlock,0.1.0,
cn.hzchancel.fifthfootprint,0.0.1,
cn.hzchancel.fouthfootprint,0.0.1,
cn.microdone.passguardservice,1.0.0.0,
cn.microdone.passguardservice.bj,1.0.0.0,
cn.microdone.passguardservice.nb,1.0.0.7,
cn.microdone.signmessenger.hz,1.0.0.0,
cn.microdone.signmessenger.nb,1.0.0.2,
cn.naturalcard.eserver,1.0.0.1,
cn.net.zonewin.smartscanner,1.0.11,
cnrdrvcups-ufr2lt-uk,5.00-1deepin0,
cnrdrvcups-ufr2-uk,5.10-1+rb1,
cn.tianyi.eserver,1.0.0.1,
coccinella,0.96.20-9,
codeblocks-common,20.03+svn13046-0.3build2,
codelite,17.0.0+dfsg-2build2,
codfis,0.4.7-2build4,
colmap,3.9.1-2build2,
colobot,0.2.1-1build3,
colorcode,0.8.7-1build2,
colord-kde,23.08.5-0ubuntu4,
colorhug-client,0.2.8-3build4,
color-picker,1.0.3-2ubuntu3,
colossal-cave-adventure,1.6-1,
com.aisino.sktool,,
com.aisino.tktool,,
com.arc-uds.smartscan,3.1.0.1,
com.avision.a4pq-series,1.0.0-23293,
com.avision.avision-sane,20231120-8.6.10.020,
com.bhyf.bhpainter,2020.12.01-1,
com.binup.fingerprint,1.0.0.1,
com.bjnja.njaep3kgmutil,1.0.2,
com.btit.linuxaction,3.1.10.24194-uosv20,
com.canon.ufr2,6.00-1.00,
com.centerm.gwq,2021.1.29-1,
com.centerm.gwq.common,1.0.0.0-1,
com.colortrac,1.0.7,
com.comet.comet-sane,20240814-11.7.11.063,
com.contexscan,1.0.7,
com.czur.scanner,,
com.deepin.gomoku,1.0.11,
com.deepin.lianliankan,1.0.12,
com.deepin.microbox-scanner,1.2.1,
com.deli.camera,2.1.7.9,
com.delichina.deliscan,4.51.24520.23319,
com.deli.printer-c111,1.0.038,
com.deli.printer-d11,1.10-1,
com.deli.printer-d21,1.10-1,
com.elineprint.e-gm3001-an-3in1,1.0.0-20206,
com.everfine.finger,2021.11.5-1,
com.everspry.escaps,24.7.8.8,
com.eyecool.facesdk,,
com.farshine.ygdevservice,2.5.2,
com.fenglinkeji.scanner,0.0.1-1,
com.founderinternational.founder-sane,20240820-1.6.10.015,
com.founder.linuxaction,2.1.96.24365-uosv20,
com.ftsafe.epass3000gmg-hnxa,1.0.1-1+b1,
com.ftsafe.epass3000gm-spabank,1.2.4-1+b1,
com.ftsafe.interpass3000-cib,1.0.16.d1-1+b1-uos,
com.ftsafe.interpass3000-cmbc,1.3.13.d0-1+b1,
com.ftsafe.interpass3000-lfbk,1.0.7-1+b1,
com.ftsafe.interpass3000-nbbank,1.0.9,
com.ftsafe.interpass3000-rzbank,1.0.1-1+b1,
com.ftsafe.interpass3000-scb,1.0.5-1+b1,
com.ftsafe.interpass3000-wfbank,1.0.0.d1-1+b1,
com.ftsafe.interpass3000zjrc,1.2.21-1+b1,
com.ftsafe.interpasscitic,1.2.8-1+b1,
com.fujitsu.fsane,2.0.1-2
com.fytech.cfs300b,1.0.0,
com.fytech.pfs408,2021.5.8,
com.fytech.ps1300,1.0.0,
com.ggimage.ggimage-printer,1.0.3-1+uos,
com.gmrz.fido,1.0.3.2,
com.goke.gksecurity,2.0.3,
com.greatwalltech.greatwall-sane,20240918-7.6.10.051,
com.gwi.dpm760a-tool,1.0.0,
com.haitaichina.htukeytool20079,1.0.0.2404081,
com.hanguang.hgfchanguangprinter,1-1,
com.hanguang.hgfcscanner,1-1,
com.hanlongbj.omniscan,1,
com.hanwang.linuxaction-sdk,2.1.53.22043-uosv20,
com.hsreader.demo,1.1.0,
com.huagaochina.huagoscan,2.2.3-1+rc4,
com-huashuoaf-finger,1.0.0.3,
com.huawei.cv81-series,2.0-88,
com.hw99.hanvon-sane,20230206-9.6.10.053,
com.hw.signdriver,1.0.0,
com.jetbrains.irisking,2021.01.20-1,
com.joyusing.gwq,1.0.0,
com.joyusing.visualizer,1.0.0,
com.joyusing.w05,1.0.0,
com.joyusing.writingpad,1.0.0,
com.kinghun.kinghuncamera,1.0.0,
com.lanxum.ga2630dn-psm-2in1,1.0.0-20301,
com.lanxum.ga30-psm-2in1,1.0.0-21032,
com.lanxum.ga7030dn-psm-2in1,1.0.0-21034,
com.lanxum.gasd06.printerdriver,1.0.0-5+0,
com.lanxum-ga-series,1.0.1,
com.lanxum.gd34xxdn,3.3.0,
com.lanxum.linuxaction,2.1.91.24084-uosv20,
com.lanxum.printdevicemanager,2.0.0-2+0,
com.lanxum.rongtuscan,2.0.9,
com.lanxum.sp1800-1-driver,1.1.0,
com.lanxum.sp1800-1-tool,1.1.0,
com.lenovo.lenovo-gpy,2.1.7.3,
com.microtek.scaner,1.0.0-9c,
com.mindeo.scannertext,1.2.2.4,
com.mt.cnlinux,1.0.0.3,
com.mt.cnsscard,1.0.0.4,
com.nantian.bpport,1.0.0.20210910,
com.nantian.clientscreen,1.0.2.02261802,
com.nantian.mmjp,1.0.0.20210312,
com.nbdeli.camera,,
com.nbdeli.deli-sane,20240820-5.7.10.027,
com.ncmem.down2,2020.12.3-1,
com.ncmem.up6,2020.12.3-1,
com.ncmem.wordpaster,2020.12.3-1,
com.neutralchina.neuscan,4.52.26520.24289,
com.pantum.pantum-235-325-2165,1.0.0ab02-1+uos,
com.pantum.pantum,7.4.182-1+uos,
com.pantum.pantumprint,1.1.24-1+uos,
com.pantum.pantum-scan-assistant,3.0.1,
compiz-boxmenu,1.1.12-7build2,
compizconfig-settings-manager,0.9.14.2+22.10.20220822-0ubuntu12,
compiz-core,0.9.14.2+22.10.20220822-0ubuntu12,
com.plustek.linuxaction,3.0.3.22342-uosv20,
comptext,1.0.1-6build2,
compton,1-3,
compton-conf,0.16.0-1ubuntu3,
comptty,1.0.1-5build2,
com.racertech.usbdisp,1.0.0-1,
com.ricoh.pfu.fsane,4.0.1-1
com.ricoh.universalscan,,
com.rightcolor,1.0.7,
com.scanner.hanguang,1.0-1,
com.semxum.aisystem,1.0.0-2+b1,
com.shensi.websocket,1.58,
com.sogou.ime.ng.fcitx5.deepin,10.0.9.0.8-981,
com.sunrise.demo,2.2.2
com.sunrise.device,2020.09.15-1,
com.sxylzinfo.sxsscardsv,3.5.15,
com.szshenshu.aidemo,2022.01.11-1,
com.tdr.uosicbc,9.0.6-5,
com.tg.aqdl,4.1.0.1,
com.toec.oem3000dn,2.6-4,
com.toec.toeca3oemseries,1.0,
com.toec.toeca3series,2.5-7.1,
com.toec.toeca4faxseries,2.6-4.1,
com.toec.toeca4printer,1.0-18.2,
com.toec.toeca4series,2.7-3,
com.toec.toecmyseries,3.0.0.11,
com.toec.toecrlseries,1.1-7,
com.toec.toecrlwseries,1.1-1,
com.toec.toecscanner,2.6-4,
com.tr.gpyapp,1.0.0.2,
com.utel.uboxweb,1.0.0.10,
com.wendouscanner,1.1,
com.winmage.winmage-sane,20240911-4.6.10.053,
com.winuim.wmr06,1.0.0.4-1,
com.wsd.gpy,1.0.26,
com.yjcloud.asr.agent,5.0.0,
com.za.ld8800,3.0.1.2,
com.za.zaz301,3.0.1.2,
com.zebra.jaguardriver,1.0.0.0,
com.zhiankeji.hs108,1.0.1-1,
com.zhiankeji.hs110,1.0.1-1,
com.ztsave.ztfinger,1.0.0-1,
confclerk,0.7.1-1build2,
configure-debian,1.0.3+nmu3,
confy,0.7.0-1,
congruity,21-1,
conky-all,1.21.1-1,
conky-cli,1.21.1-1,
conky-std,1.21.1-1,
connectagram,1.3.5-2build1,
connectome-workbench,1.5.0-2build2,
connman-gtk,1.1.1+git20180626.b72c6ab-3build2,
content-hub,1.1.1-1build5,
content-hub-testability,1.1.1-1build5,
converseen,0.12.1.0-1build2,
convertall,0.8.0-2,
cool-retro-term,1.2.0+ds2-2build2,
copyq,7.1.0-1build2,
coqide,8.18.0+dfsg-1build2,
corectrl,1.3.11+ds-1build1,
corsix-th,0.67-1,
cppcheck-gui,2.13.0-2ubuntu3,
cpupower-gui,0.7.2-2.1ubuntu2,
cpu-x,5.0.3-2build2,
cqrlog,2.5.2-3ubuntu2,
crack-attack,1.1.14-9.2build2,
crawl,0.28.0-1.1,
crawl-tiles,0.28.0-1.1,
cream,0.43-3.1,
crimson,0.5.2-1.1build2,
crispy-doom,6.0-2build2,
criticalmass,1.0.2-4build3,
critterding,1.0-beta12.1-1.3build1,
cronometer,0.9.9+dfsg1-1,
crossfire-client,1.75.0-2build4,
crow-translate,2.11.1+git20240108+ds-1build2,
crrcsim,0.9.13-3.2build2,
crystal-facet-uml,1.55.3-1build2,
csoundqt,1.1.1+dfsg0-1build2,
ctsim,6.0.2-6build3,
cube2-data,1.3-1,
cubicsdr,0.2.7+dfsg-2build3,
cultivation,9+dfsg1-2build5,
curtain,0.3-1.1build3,
cutecom,0.51.0-1build2,
cutemaze,1.3.2-1build2,
cutesdr,1.20-4build2,
cuyo,2.1.0-1build1,
cycle,0.3.3-1,
cyclograph-gtk3,1.9.1-1.2,
cyclograph-qt5,1.9.1-1.2,
cynthiune.app,1.0.0-2build9,
cytadela,1.1.0-4build1,
d1x-rebirth,0.58.1-1.2,
d2x-rebirth,0.58.1-1.3,
daisy-player,13.0-4build2,
dangen,0.5-7,
danmaq,0.2.3.2-2build2,
darkradiant,3.8.0-2build4,
darktable,4.6.1-2ubuntu1,
darnwdl,0.8-1build1,
dascom-d300c-driver,,
dascom-d300kp-driver,,
dascom-d300rw-driver,,
dascom-r600-driver,,
dasher,5.0.0~beta~repack2-4build3,
davegnukem,1.0.3-4,
davmail,6.2.1.3496-1,
dawg,1.2-4,
dclock,2.2.2-14build2,
dconf-editor,45.0.1-1build2,
ddcui,0.3.0-1build3,
ddd,3.3.12-5.4build2,
dde-calendar,5.14.7,
dde-control-center,6.0.75+deepin0+rb1,
dde-cooperation,1.0.2-1,
dde-desktop,6.5.10.4,
dde-device-formatter,0.0.1.16,
dde-file-manager,6.5.10.4,
dde-introduction,7.0.9,
dde-printer,1.0.25-1+1060,
dde-session-shell,6.0.23,
dde-store,1.2.5-1build2,
ddnet,16.4-1.2build5,
ddrescueview,0.4.5-2,
deb-gview,0.3.7build2,
debian-installer-launcher,41,
debian-reference-common,2.122,
deepin-album,5.10.25,
deepin-app-store,8.0.7.0010,
deepin-boot-maker,5.7.10,
deepin-calculator,6.0.1,
deepin-camera,6.5.5,
deepin-compatibility-mode,0.1.2,
deepin-compressor,6.0.2,
deepin-data-transfer,1.0.2-1,
deepin-deb-installer,6.5.0,
deepin-devicemanager,6.0.28,
deepin-diskmanager,1.4.1,
deepin-distrobox-ubuntu,0,
deepin-draw,7.0.4,
deepin-editor,6.5.7,
deepin-feedback,6.0.0,
deepin-font-manager,6.5.3,
deepin-home,1.6.3,
deepin-image-viewer,5.9.20,
deepin-log-viewer,6.5.2,
deepin-mail,6.4.10,
deepin-manual,6.5.6.1,
deepin-movie,6.0.13-1,
deepin-music,6.2.40,
deepin-ocr,1.1.2,
deepin-picker,6.0.1,
deepin-reader,6.5.2,
deepin-screen-recorder,6.0.9+deepin0+rb1,
deepin-system-monitor,6.5.2,
deepin-system-upgrade,6.0.3,
deepin-terminal,6.0.16,
deepin-unioncode,1.4.8-1,
deepin-voice-note,6.0.17,
deja-dup,45.2-1build2,
deli-printer-a111,1.1.022,
dell-recovery,1.66,
deluge-gtk,2.1.2~dev0+20240121-1,
denemo,2.6.18-1build3,
desktopfolder,1.1.3-3build2,
devede,4.17.0-1,
developers-reference,13.4,
devhelp,43.0-4build3,
dfcgen-gtk,0.6-2build2,
d-feet,0.3.16-3,
dgedit,0.10.0-2build3,
dhelp,0.6.30,
dhewm3-d3xp,1.5.2+dfsg-1build2,
dhewm3-doom3,1.5.2+dfsg-1build2,
dia,0.98+git20240130-1build4,
dialect,2.1.1+~2.1.1-1,
dianara,1.4.4-1build2,
dictionaryreader.app,0+20080616+dfsg-2.1build1,
diffpdf,2.1.3.1-2build3,
diffuse,0.8.2-1ubuntu1.1,
digikam,8.2.0-0ubuntu6.2,
dillo,3.0.5-7build5,
din,58.1+ds-1,
ding,1.9-7,
dino-im,0.4.3-3,
diodon,1.13.0-1build2,
direwolf,1.7+dfsg-2build2,
displaycal,3.9.11-2ubuntu0.24.04.1,
distccmon-gnome,3.4+really3.4-4deepin1,
djview4,4.12-3build3,
dkopp,6.5-2build2,
dlt-viewer,2.25.0+dfsg-2build3,
dochelp,0.1.8,
DocScan,,
dodgindiamond2,0.2.2-4,
dolphin,23.08.5-0ubuntu4,
domino-chain,1.1-3build3,
doomsday,2.3.1+ds1-1build3,
doomsday-server,2.3.1+ds1-1build3,
dopewars,1.6.2-1build4,
dosbox,0.74-3-5build2,
dosbox-x,2024.03.01+dfsg-1build2,
dossizola,1.0-12,
doublecmd-common,1.1.11-1build1,
dozzaqueux,3.51-4,
dpkg-www,2.65,
dragonplayer,23.08.5-0ubuntu3,
drascula,1.0+ds4-2,
drascula-french,1.0+ds4-2,
drascula-german,1.0+ds4-2,
drascula-italian,1.0+ds4-2,
drascula-spanish,1.0+ds4-2,
drawing,1.0.2-1build1,
drawxtl,5.5-6.1build2,
dreamchess,0.3.0-2,
driftnet,1.5.0-0.2build3,
drkonqi,5.27.11-0ubuntu3,
drumkv1,0.9.34-1build3,
drumstick-tools,2.9.0-1.1build2,
dsda-doom,0.27.5+dfsg-1build2,
dspdfviewer,1.15.1-1.1build5,
d-spy,1.10.0-1build1,
dummyapp-wpsoffice,1.0.2,
dupeguru,4.3.1-4build1,
dustracing2d,2.1.1-2build2,
dvb-apps,1.1.1+rev1500-1.4build3,
dvbcut,0.7.4-1build4,
dvorak7min,1.6.1+repack-4,
dwarf-fortress,0.47.04+dfsg1-1build3,
dwww,1.16,
dx,4.4.4-15.1build2,
dxf2gcode,20191025-2,
dyssol-gui,1.1.1+ds1-2.1build4,
eartag,0.6.0-1,
easychem,0.6-9build2,
easyeffects,7.1.7-1,
easyssh,1.7.9-4build2,
easytag,2.4.3-5build3,
ebook2cwgui,0.1.2-7build3,
ebook-speaker,6.2.0-5build2,
ebumeter,0.5.1-1build2,
edb-debugger,1.3.0-2.1deepin0,
edenmath.app,1.1.1a-8build5,
edfbrowser,2.06+dfsg-1build2,
edgar,1.37-1build2,
edubuntu-docs,11.03.3,
edubuntu-installer,0.6,
edubuntu-menu,24.04.2.2,
eekboek-gui,2.04-1build1,
efte,1.1-4,
eiciel,0.10.0-1build2,
einstein,2.0.dfsg.2-10build1,
eiskaltdcpp-gtk,2.4.2-1.1build6,
eiskaltdcpp-qt,2.4.2-1.1build6,
eiskaltdcpp-web,1.0.1-2,
electric,9.07+dfsg-7,
elektroid,3.0.1-2build1,
elisa,23.08.5-0ubuntu3,
elki,0.7.1-10.1,
emacs-common,29.3+1-1ubuntu2,
emacs-gtk,29.3+1-1ubuntu2,
emacs-lucid,29.3+1-1ubuntu2,
emacs-pgtk,29.3+1-1ubuntu2,
email-reminder,0.8.3-1,
emboss-explorer,2.2.0-12,
emerald,0.8.18-4.2build1,
empire,1.16-2,
endeavour,43.0-1build3,
endless-sky,0.10.4-1build2,
enemylines3,1.25-1build3,
enemylines7,0.6-6,
engauge-digitizer,12.1+ds.1-1build3,
engrampa,1.26.2-4,
enigma,1.30+dfsg-1build2,
enlightenment,0.26.0-2build2,
entagged,0.35-6,
entangle,3.0-4build2,
eog,45.3-1ubuntu2,
eom,1.26.1-1build3,
ephoto,1.6.0-1build2,
epiphany,0.7.0+0-7,
epiphany-browser,46.0-2build1,
epoptes,23.08-1,
epsonscan2,6.7.42.10-1,
epson-tdbridge-pp100api,2.5.2,
eqonomize,1.5.6-1build2,
eric,23.2+ds1-2ubuntu1,
errands,45.1.9-2,
eskeysetuplog-admin,6.3.0.3,
espeakedit,1.48.15-2build3,
etherape,0.9.20-2build3,
etm,3.2.39-1,
etoys,5.0.2408-1build1,
ettercap-graphical,0.8.3.1-13build3,
etw,3.6+svn162-6build3,
euler,1.61.0-12build2,
eureka,1.27b-2build2,
eviacam,2.1.4-2.1build2,
evilwm,1.4.2-1,
evince,46.3.1-0ubuntu1,
evolution,3.52.3-0ubuntu1,
evolution-data-server,3.52.3-0ubuntu1,
evolvotron,0.8.1-1build3,
exadrums,0.7.0-1build2,
exaile,4.1.3+dfsg-2ubuntu1,
excellent-bifurcation,0.0.20071015-9build2,
exfalso,4.6.0-3,
expeyes,5.3.1+repack-6build1,
expeyes-doc-common,4.3-3,
explosive-c4,1.2-3build2,
extremetuxracer,0.8.3-1build1,
exult,1.8-2build3,
eyes17,5.3.1+repack-6build1,
f3d,2.2.1+dfsg-2build3,
falkon,24.01.75-1build3,
fanwor,1.16-1build2,
far2l,2.6.0~beta+ds-1ubuntu0.3,
fastqc,0.12.1+dfsg-3,
faustworks,0.5~repack0-6build3,
fbreader,0.99.4+dfsg-5.1build3,
fbzx,4.8.0-2build2,
fccexam,1.0.7-1.1,
fceux,2.6.5+dfsg1-2build3,
fcitx5,5.1.11-2deepin2,
fcitx5-config-qt,5.1.4-1,
fcitx5-frontend-qt5,5.1.8-2deepin1+rb1,
fcitx5-frontend-qt6,5.1.8-2deepin1+rb1,
fcitx-config-gtk,0.4.10.32-2deepin,
fcitx-data,4.2.9.32.38-deepin,
fcitx-ui-light,0.1.3-5,
fcitx-ui-qimpanel,2.1.3-2build4,
feathernotes,1.1.1-1build2,
featherpad,1.4.1-0ubuntu4,
feh,3.10.1-1ubuntu0.1,
felix-latin,2.0-14build2,
ferret,0.7-3,
ferret-vis,7.6.0-7ubuntu1,
fet,6.8.5-1build2,
ffado-mixer-qt4,2.4.9-1,
fgallery,1.9.1+ds-2,
fheroes2,1.0.12+dfsg-1,
filelight,23.08.5-0ubuntu3,
file-roller,44.3-0ubuntu1,
filezilla,3.66.5-2build2,
filius,2.5.1+ds-1,
filler,1.02-6.4,
fillets-ng,1.0.1-4build2,
firefox,131.0.3-1deepin1,
firefox-esr,115.2.1esr-1,
firetools,0.9.72-1build2,
firewall-config,2.1.2-1,
fish-common,3.7.1-1,
fityk,1.3.2-3build3,
five-or-more,3.32.3-1build2,
flamerobin,0.9.10.ds.2-1build2,
flameshot,12.1.0-3,
flamp,2.2.09-1build2,
flare-engine,1.14-3,
fldiff,1.1+0-6build3,
fldigi,4.2.03-1build3,
flent,2.1.1-2,
flightgear,2020.3.18+dfsg-1.1,
flight-of-the-amazon-queen,1.0.0-9,
flmsg,4.0.23-1build2,
flobopuyo,0.20-5.1,
flowblade,2.12.0.2-1ubuntu1,
flpsed,0.7.3-9build2,
flrig,2.0.04-1build2,
fltk1.1-games,1.1.10-29,
fltk1.3-games,1.3.8-6.1build2,
fluid,1.3.8-6.1build2,
fluidsynth-dssi,1.0.0-9build1,
flwrap,1.3.6-1build2,
fmit,1.2.14-0.1build4,
fnott,1.4.1+ds-1build3,
focuswriter,1.8.6-1build2,
foliate,4.~really3.1.1-1,
font-downloader,10.0.0-3,
fontforge,20230101~dfsg-3,
font-manager,0.8.8-4build2,
fontmatrix,0.9.100+ds-1build2,
font-viewer,0.8.8-4build2,
foobillardplus,3.43~svn170+dfsg-7build2,
fookb,4.1-3,
foot,1.16.2-2ubuntu0.1,
form,4.3.0+git20230104+ds-1build2,
formiko,1.4.3-2.1,
fotoxx,20.08-2build5,
founder-sane-backend,20200526-1.4.5.011,
four-in-a-row,3.38.1-deepin1,
foxtrotgps,1.2.2+bzr332-1build4,
fqterm,0.9.10.1-4build3,
fracplanet,0.5.1-6build3,
fractalnow,0.8.2-5build2,
fractgen,2.1.13-1build3,
fraqtive,0.4.8.1-1build3,
free42-nologo,3.1.4+ds-1build2,
freealchemist,0.5-2,
freeciv-client-extras,3.1.0+ds-1build5,
freeciv-client-gtk3,3.1.0+ds-1build5,
freeciv-client-qt,3.1.0+ds-1build5,
freeciv-client-sdl,3.1.0+ds-1build5,
freeciv-ruleset-tools,3.1.0+ds-1build5,
freeciv-server,3.1.0+ds-1build5,
freecol,1.1.0-1,
freedink-dfarc,3.14-5build3,
freedink-engine,109.6-5,
freedm,0.13.0-1,
freedoom,0.13.0-1,
freedroid,1.0.2+cvs040112-7,
freedroidrpg,1.0-1build2,
freedv,1.8.11-1build4,
freefilesync,13.3-2build3,
freegish,1.53+git20170110+dfsg-2build2,
freeorion,0.5+git20230820-4build5,
freeplane,1.7.10-1,
freespace2-launcher-wxlauncher,0.12.0~rc3+dfsg-1build2,
freesweep,1.0.2-1,
freetuxtv,0.6.8~dfsg1-2build3,
freewheeling,0.6.6-1build3,
frescobaldi,3.3.0+ds1-2,
fritzing,1.0.1-1build4,
frogatto,1.3.1+dfsg-6build4,
frogr,1.8.1-1build3,
frozen-bubble,2.212-12build5,
fs-uae,3.1.66-2build2,
fs-uae-arcade,3.1.63-2,
ft2-clone,1.72.1+ds-1build3,
ftools-fv,5.5.2+dfsg-3,
ftp.app,0.6-2build5,
funguloids,1.06-15build2,
funnyboat,1.5-11,
fuse-emulator-gtk,1.6.0+dfsg1-2build3,
fuse-emulator-sdl,1.6.0+dfsg1-2build3,
fusion-icon,0.2.4-8,
fwbuilder,5.3.7-5ubuntu0.24.04.1,
gabedit,2.5.1+ds-1build3,
gajim,1.8.4-3,
galculator,2.1.4-1.2build2,
galois,0.8-1build2,
galternatives,1.0.9,
gamazons,0.83-12,
gambas3-ide,3.19.0-2ubuntu10,
gameconqueror,0.17-5build2,
game-data-packager-runtime,77ubuntu2,
gamgi,0.17.5-1build2,
gamine,1.6-1build3,
gammaray,2.11.3-3,
gammastep,2.0.9-1build2,
ganyremote,8.1.1-1,
garden-of-coloured-lights,1.0.9-2build3,
gargoyle-free,2023.1+dfsg-4build4,
garlic,1.6-3,
gastman,0.99+1.0rc1-0ubuntu12,
gaupol,1.11-2,
gausssum,3.0.2-2,
gav,0.9.0-3.2,
gbatnav,1.0.4cvs20051004-7,
gbemol,0.3.2-2ubuntu6,
gbgoffice,1.4-12build2,
gbonds,2.0.3-17build3,
gbrainy,2.4.6-2build1,
gbsplay,0.0.96-1build3,
gchempaint,0.14.17-6.2build2,
gcin,2.9.0+dfsg1-3build1,
gcolor3,2.4.0-2build2,
gcompris-qt,4.0-1build3,
gconjugue,0.8.5-2build2,
gcr,3.41.2-1build3,
gcrystal,0.14.17-6.2build2,
gcu-bin,0.14.17-6.2build2,
gddccontrol,1.0.3-1deepin1,
gdebi,0.9.5.7+nmu7,
gdigi,0.4.0+git20200615+1c2c89f-3build3,
gdis,0.90-6build3,
gdm3,46.2-1ubuntu1~24.04.1,
gdmap,1.2.0-1build2,
gdm-settings,4.3-1,
gdpc,2.2.5-16build2,
geany,2.0-1build2,
gearhead,1.310-3,
gearhead2,0.701-2,
gearhead2-sdl,0.701-2,
gearhead-sdl,1.310-3,
geary,44.1-2build2,
gedit,46.2-2,
geeqie,2.2-2build4,
geeqie-common,2.2-2build4,
geg,2.0.9-4build2,
geis-tools,2.2.17+16.04.20160126-0ubuntu10,
geki2,2.0.3-10,
geki3,1.0.3-10,
gelemental,2.0.2-1.1build2,
gemdropx,0.9-9,
gemrb,0.9.2+dfsg-1build3,
gemrb-baldurs-gate,0.9.2+dfsg-1build3,
gemrb-baldurs-gate-2,0.9.2+dfsg-1build3,
gemrb-icewind-dale,0.9.2+dfsg-1build3,
gemrb-icewind-dale-2,0.9.2+dfsg-1build3,
gemrb-planescape-torment,0.9.2+dfsg-1build3,
gentle,1.9.5~alpha1+dfsg-1build2,
gentoo,0.20.7-3build2,
geoclue-2.0,2.7.1-2,
geoclue-2-demo,2.7.1-2,
geogebra,4.0.34.0+dfsg1-9,
geomview,1.9.5-4.1build2,
geonkick,2.10.2-0ubuntu4,
geophar,18.09+dfsg1-2,
geotranz,3.7-3ubuntu1,
gerbera,2.0.0+dfsg-1build3,
gerbv,2.10.0-1build2,
gfaim,0.30-0ubuntu6,
gfm,1.09~git20220826.71eaa92-1build2,
gfpoken,1-4build2,
gftp-gtk,2.9.1~beta-2build2,
ggobi,2.1.11-2build3,
ghex,46.0-1build1,
ghextris,0.9.0-5,
ghostwriter,23.08.5+ds-0ubuntu3,
giada,0.22.0-4build2,
giara,1.1.0-0.1,
gigalomania,1.0+ds1-1.1,
giggle,0.7-6build2,
gigolo,0.5.3-1build2,
gimagereader,3.4.2-2build6,
gimagereader-qt5,3.4.2-2build6,
gimp,2.10.38-1deepin2,
ginga,5.0.0-1,
git-annex,10.20240129-1build1,
git-cola,4.6.1-1,
gitg,44-1build2,
gitso,0.6.2+svn158+dfsg-4,
gjacktransport,0.6.4-1build2,
gjiten,3.1-2build2,
gjots2,3.1.9-0ubuntu2,
gkamus,1.0-0ubuntu6,
gkbd-capplet,3.28.1-1build3,
gkdebconf,2.1.1build2,
gkrellm,2.3.11-2build2,
gl-117,1.3.2-3.1build1,
glabels,3.4.1-4build3,
glade,3.40.0-5build2,
glassgui,2.0.1-2build5,
glob2,0.9.4.4-6build1,
glogg,1.1.4-1.1ubuntu2,
glogic,2.6-6,
glom,1.30.4-7build8,
glpeces,5.2-3build3,
gltron,0.70final-12.4build2,
glueviz,1.17.1+dfsg-1,
gmanedit,0.4.2-8build3,
gm-assistant,1.2.4-1build3,
gmerlin,2.0.0~svn6298~dfsg0-3.1build3,
gmidimonitor,3.6+dfsg0-4build3,
gmpc,11.8.16-21build1,
gmrun,0.9.2-3build3,
gmsh,4.12.1+ds1-1.1build2,
gmtp,1.3.11-3.1build3,
gmult,11.0-1build2,
gniall,0.7.1-9build2,
gnomad2,2.9.6-8ubuntu1,
gnome-2048,3.38.2-3build2,
gnome-activity-journal,1.0.0-3ubuntu0.24.04.1,
gnome-authenticator,3.32.2+dfsg1-5,
gnome-bluetooth-sendto,46.0-1ubuntu1,
gnome-boxes,46.0-1build1,
gnome-breakout,0.5.3-8,
gnome-browser-connector,42.1-4,
gnome-builder,46.2-0ubuntu1,
gnome-calculator,46.1-1ubuntu1~24.04.1,
gnome-calendar,46.1-0ubuntu2,
gnome-calls,46.0-1ubuntu1,
gnome-characters,46.0-1build1,
gnome-chess,46.0-1build1,
gnome-clocks,46.0-1build1,
gnome-color-manager,3.36.0-2build2,
gnome-commander,1.16.1-1build4,
gnome-connections,46.0-2,
gnome-console,46.0-1build1,
gnome-contacts,46.0-1build1,
gnome-control-center,46.5-0ubuntu0.24.04.1,
gnome-dictionary,40.0-3build2,
gnome-disk-utility,46.0-1ubuntu3,
gnome-dvb-client,0.2.91~git20170110-5build3,
gnome-feeds,2.2.0-3,
gnome-firmware,46.0-1build1,
gnome-flashback,3.52.1-2ubuntu1,
gnome-font-viewer,46.0-1build1,
gnome-genius,1.0.27-1build4,
gnome-initial-setup,46.3-1ubuntu3~24.04.1,
gnome-keysign,1.3.0-3,
gnome-kiosk,46.0-1build2,
gnome-kiosk-script-session,46.0-1build2,
gnome-kiosk-search-appliance,46.0-1build2,
gnomekiss,2.0-6.1build4,
gnome-klotski,3.38.2-1build3,
gnome-logs,45.0-1build1,
gnome-mahjongg,3.40.1-1,
gnome-maps,46.0-1build1,
gnome-mastermind,0.4.0-4build2,
gnome-metronome,1.3.0-2,
gnome-mines,40.1-1build2,
gnome-mousetrap,3.17.3-9,
gnome-multi-writer,3.32.1-2build3,
gnome-music,46.0-1build1,
gnome-nettool,42.0-1build2,
gnome-network-displays,0.92.1-2build2,
gnome-nibbles,4.0.4-1,
gnome-online-accounts,3.50.4-0ubuntu2,
gnome-online-accounts-gtk,3.50.1-0ubuntu1,
gnome-packagekit,43.0-2build3,
gnome-package-updater,43.0-2build3,
gnome-paint,0.4.0-9ubuntu1,
gnome-panel,3.52.0-1ubuntu2,
gnome-pass-search-provider,1.3.0-1,
gnome-pie,0.7.3-2build2,
gnome-power-manager,43.0-2build2,
gnome-remote-desktop,46.3-0ubuntu1,
gnome-robots,40.0-2build2,
gnome-screensaver,3.6.1-13ubuntu4,
gnome-screensaver-flags,0.1-1.1,
gnome-screenshot,41.0-2build2,
gnome-shell,46.0-0ubuntu6~24.04.6,
gnome-shell-extension-gsconnect,57-1,
gnome-shell-extension-manager,0.5.0-1build1,
gnome-shell-extension-prefs,46.0-0ubuntu6~24.04.6,
gnome-shell-pomodoro,0.25.1-1,
gnome-snapshot,46.2-1ubuntu2,
gnome-software,46.0-1ubuntu2,
gnome-sound-recorder,43~beta-1,
gnome-split,1.2-5,
gnome-startup-applications,46.0-1ubuntu4,
gnome-subtitles,1.8-1,
gnome-sudoku,46.0-1build1,
gnome-system-monitor,46.0-1build1,
gnome-system-tools,3.0.0-9.1ubuntu4,
gnome-taquin,3.38.1-2build2,
gnome-terminal,3.52.0-1ubuntu2,
gnome-tetravex,3.38.2-3build2,
gnome-text-editor,46.3-0ubuntu2,
gnome-tour,46.0-2,
gnome-tweaks,46.0-2,
gnome-usage,46.0-1build1,
gnome-user-share,43.0-1build2,
gnome-video-arcade,0.8.8-5build3,
gnome-video-trimmer,0.8.2-2,
gnome-weather,46.0-1,
gnomint,1.3.0-4build2,
gnote,46.0-1,
gnubg,1.07.001-3build6,
gnubiff,2.2.17-5build3,
gnucash,5.5-1.2build1,
gnudatalanguage,1.0.4-1build6,
gnugo,3.8-11build2,
gnujump,1.0.8-3.1,
gnumail.app,1.4.0-2,
gnumed-client,1.8.18+dfsg-2,
gnumeric,1.12.56-2build5,
gnunet,0.20.0-4.1build3,
gnunet-gtk,0.20.0-4,
gnuradio,3.10.9.2-1.1ubuntu2,
gnurobbo,0.68+dfsg-6,
gnuserv,3.12.8-12,
gnusim8085,1.4.1-1build3,
gnustep-dl2,0.12.0-16build2,
gnustep-examples,1.4.0-3build3,
goattracker,2.76+ds-3,
goban-ss,1.1-6,
gobby,0.6.0-2build2,
godot3,3.5.2-stable-2build4,
go-for-it,1.9.6-4build3,
goldencheetah,3.5-2ubuntu2,
goldendict,1.5.0-1build4,
goldendict-ng,23.12.26-1build2,
goldendict-webengine,23.10.01-1build3,
golly,3.3-1.1build3,
gom,0.30.4-1,
gomoku.app,1.2.9-5build1,
goobox,3.6.0-11build2,
goodvibes,0.7.9-1build2,
gopchop,1.1.8-7build4,
gorm.app,1.3.1-1build1,
gosa-desktop,2.8~git20230203.10abe45+dfsg-11,
gourmand,1.1.0+really1.1.0~rc3-3,
goverlay,0.9.1-2,
goxel,0.11.0-1.1build3,
gpa,0.10.0-6,
gpac,2.2.1+dfsg1-3.1build2,
gparted,1.5.0-1deepin0,
gpaste-2,45-2ubuntu5,
gperiodic,3.0.3-1build2,
gpick,0.2.6-1ubuntu2,
gpicview,0.2.5-deepin1,
gplanarity,17906-7build3,
gpodder,3.11.3-2ubuntu1,
gpredict-doc,2.3-115-g0f3beb6-3build3,
gprename,20210415-1,
gprompter,0.9.1-2.2-deepin1+rb1,
gpsbabel-gui,1.9.0+ds-2build3,
gpscorrelate-gui,2.0-4build2,
gpsd-clients,3.25-3ubuntu3.1,
gpsprune,23.2-1,
gpxviewer,1.1.0-5,
gpy,1.0.2.20210607,
gqrx-sdr,2.17.4-2build3,
grace,5.1.25-14,
gradebook,1.2-0ubuntu3,
grads,2.2.1-6build2,
grafx2,2.8+ds-3build3,
graide,1.1.0+dfsg-4.1,
gramps,5.1.6+dfsg-1ubuntu1,
granatier,23.08.5-0ubuntu3,
grandorgue,3.13.1-1build2,
grandprinter-mfp,1.0.0-22041,
granite-7-demo,7.4.0-1build3,
granite-demo,6.2.0-3build3,
granule,1.4.0-7-10build3,
grass-core,8.3.2-1ubuntu2,
gravitation,3+dfsg1-6,
gravitywars,1.102-35,
grdesktop,0.23+d040330-7build3,
greed,4.2-1,
gretl-common,2023c-2.1build3,
gridlock.app,1.10-5build4,
grig,0.9.0-1build2,
grimripper,3.0.2-3build2,
gringotts,1.2.10-4build3,
grisbi,3.0.3-1build3,
gromit,20041213-9build3,
gromit-mpx,1.5.1-1build2,
groovy,2.4.21-10,
grop,0.10-1.2build2,
growl-for-linux,0.8.5-9.1build3,
grpn,1.4.1-1.1build3,
grr.app,1.0-1build8,
grsync,1.3.0-1build2,
grub-customizer,5.2.3-1deepin0,
gscan2pdf,2.13.2-1,
gsequencer,6.5.2-1build3,
gshutdown,0.2-0ubuntu14,
gsmartcontrol,1.1.4-1build2,
gtamsanalyzer.app,0.42-8build1,
gtans,1.99.0-2.1build2,
gtetrinet,0.7.11+git20200916.46e7ade-2build4,
gtg,0.6-7,
gthumb,3.12.6-1,
gtimelog,0.12.0-1,
gtk-3-examples,3.24.41-4ubuntu1.2,
gtk-4-examples,4.14.2+ds-1ubuntu1,
gtkam,1.0-4build1,
gtkatlantic,0.6.3-2build2,
gtkballs,3.1.5+git20210713.6e53b66-1build2,
gtk-chtheme,0.3.1-6.1ubuntu1,
gtkcrypto,1.0.2-2build3,
gtkhash,1.5-1build2,
gtkterm,1.2.1-1ubuntu1,
gtk-vector-screenshot,0.3.3-2build2,
gtkwave,3.3.116-1build2,
gtranscribe,0.11-3,
gtranslator,46.0-1build1,
guake,3.10-2,
guake-indicator,1.4.5-2build2,
gucharmap,15.1.5-1,
gufw,24.04.0-2,
guidedog,1.3.0-1build3,
guitarix,0.46.0+dfsg-1,
gummi,0.8.3+really0.8.3-1build3,
gunroar,0.15.dfsg1-10,
gupnp-tools,0.12.1-1build2,
guvcview,2.0.8-2.1build3,
guymager,0.8.13-2build2,
gv,3.7.4-2build2,
gvb,1.4-1.1,
gvidm,0.8-15build3,
gwaei,3.6.2-9.2build1,
gwakeonlan,0.8.5-3,
gwaterfall,0.1-5.1build3,
gweled,1.0~beta1-1,
gwenview,23.08.5-0ubuntu5,
gworkspace.app,1.0.0-1build2,
gworldclock,1.4.4-11build2,
gwyddion,2.64-1.1build3,
gxkb,0.9.3-1build2,
gxtuner,3.0-3build2,
gyrus,0.4.2-1.1build2,
hamexam,1.10.1-1,
hamster-time-tracker,3.0.3-1ubuntu1,
handbrake,1.7.2+ds1-1build2,
HanGuangScanner,,
hannah,2.0.1+ds1-0.3,
hannah-foo2zjs,6build2,
hardinfo,0.5.1+git20180227-2.1build3,
haruna,0.12.3-1build4,
hasciicam,1.1.2-1ubuntu3,
hashcheck,1.0.0-2build2,
hatari,2.4.1+dfsg-2build2,
hdate-applet,0.15.11-4build2,
hdf-compass,0.7~b8-3,
hdhomerun-config-gui,20161117-0ubuntu8,
heaptrack-gui,1.5.0+dfsg1-2ubuntu3,
hedgewars,1.0.2-9build5,
helpman,2.4-1,
helpviewer.app,0.4-1build1,
helvum,0.5.1+20240328-1,
herculesstudio,1.5.0-6build2,
heroes,0.21-18,
hex-a-hop,1.1.0+git20140926-2,
hexalate,1.2.2-1build2,
hexchat,2.16.2-1build2,
hexter,1.1.1-2build2,
hijra-applet,1.0-4,
hime,0.9.11+dfsg-4build6,
hitori,44.0-2build2,
hivelytracker,1.9+git20221114+ds-2build2,
holotz-castle,1.3.14-12,
homebank,5.7.4-1build4,
horae,071~svn537+ds1-1,
horgand,1.14-8build2,
horizon-eda,2.5.0-1build4,
hoteldruid,3.0.6-1,
hotspot,1.3.0-2ubuntu4,
hplip-gui,3.23.12+dfsg0-0ubuntu5,
hsqldb-utils,2.7.2-1,
htmldoc,1.9.17-1build3,
htop,3.3.0-4build1,
httraqt,1.4.11-1build2,
huawei-pixlab-series,1.0-71,
hud-tools,14.10+17.10.20170619-0ubuntu6,
hugin,2023.0.0+dfsg-1build4,
hv3,3.0~fossil20110109-8,
hwloc,2.11.0-2,
hydra-gtk,9.5-1build3,
hydrapaper,3.3.1-2,
hydrogen,1.2.0~beta1+dfsg-1build4,
hyperrogue,12.1q-1,
i3-wm,4.23-1build2,
iagno,3.38.1-2build2,
iannix,0.9.20~dfsg1-1build3,
ibus,1.5.29-2,
ibus-avro,1.2-6,
ibus-braille,0.3-8,
ibus-cangjie,2.4-7,
ibus-chewing,2.0.0-1build2,
ibus-hangul,1.5.5-2build2,
ibus-input-pad,1.4.99.20140916-3build2,
ibus-kkc,1.5.22-4build2,
ibus-libpinyin,1.15.7-1build2,
ibus-libzhuyin,1.10.3-1build2,
ibus-m17n,1.4.28-1build2,
ibus-pinyin,1.5.0-11build2,
ibus-skk,1.4.3-3build2,
ibus-table,1.17.4-2,
ibus-typing-booster,2.25.4-1,
ibus-unikey,0.7.0~beta1-1deepin0,
icebreaker,2.2.0-1,
icecc-monitor,3.3-2build2,
icedtea-netx,1.8.8-2ubuntu1,
id-fingerprint-scanner,1.7,
idle,3.12.3-0ubuntu2,
idle-python2.7,2.7.18.1-1+deepin,
idle-python3.11,3.11.8-1,
idle-python3.12,3.12.4-0deepin1,
iem-plugin-suite-standalone,1.14.1-1build2,
igv,2.17.3+dfsg-1,
ii-esu,1.0a.dfsg2-2,
ikarus,0.0.3+bzr.2010.01.26+bap.1-1,
imagej,1.54g-1,
imagemagick-6.q16,6.9.13.12+dfsg1-1deepin1,
imagemagick-6.q16hdri,6.9.13.12+dfsg1-1deepin1,
imagination,3.6-2build3,
im-config,0.57-2deepin2,
imv,4.4.0-1build3,
imview,1.1.9h-4build3,
indicator-china-weather,3.0.4.1-0ubuntu3,
indicator-multiload,0.4-0ubuntu7,
indicator-sensors,1.4-1build2,
info,7.1-3build2,
inkscape,1.2.2-4,
input-pad,1.0.99.20210817-2build2,
input-remapper-gtk,2.0.1-1,
instead,3.3.2-1.1build4,
iotas,0.2.8+ds-1,
ipqalc,1.5.3+git20200816.523b207-3build2,
iptux,0.8.4-1build2,
iraf,2.17.1-5build3,
ironseed,0.3.6-5,
isag,12.7.5-2,
isenkram,0.57,
itinerary,23.08.5-0ubuntu3,
jaaa,0.9.2-1build2,
jabref,3.8.2+ds-17,
jack-keyboard,2.7.2-1build2,
jack-mixer,18-1build3,
jacktrip-gui,2.2.2+ds-1build2,
jag,0.3.8-2build2,
jalv,1.6.8-1build3,
jalview,2.11.3.1+dfsg-1,
jameica,2.10.4+dfsg-1,
jami,20231201.0~ds2-1,
jamin,0.98.9~git20170111~199091~repack1-2build2,
jamulus,3.9.1+dfsg-1build2,
japa,0.9.4-1build2,
jargoninformatique,1.3.6-0ubuntu11,
javamorph,0.0.20100201-4,
jaxe,3.5-14,
jclic,0.3.2.10-1.1,
jdim,0.10.1-1build2,
jed,0.99.20~pre.180+dfsg-2,
jedit,5.5.0+dfsg-2,
jeex,12.0.4-1.1build3,
jemboss,6.6.0+dfsg-12ubuntu2,
jester,1.0-15,
jfractionlab,0.92-3,
jftp,1.60+dfsg-4,
jgmenu,4.4.1-2build1,
jigzo,0.6.1-7.1build2,
jkmeter,0.9.0-1build2,
jmeter,2.13-5,
jmeters,0.4.5-1build2,
jmol,14.32.83+dfsg-3,
jnoisemeter,0.4.1-1build2,
joe,4.6-1.2,
joe-jupp,3.1.41-1,
josm,0.0.svn18969+dfsg-1,
josm-installer,0.0.3+svn18889,
js8call,2.2.0+ds-5build2,
jstest-gtk,0.1.1~git20180602-2build2,
jtdx,2.2.159-2build2,
juce-tools,7.0.5+ds-2,
juffed,0.10-89-g3690b60-8.1build3,
jugglinglab,0.6.2+ds.1-2.1,
juk,23.08.5-0ubuntu3,
jumpnbump,1.61-4,
jupp,3.1.41-1,
jupyter-notebook,6.4.12-2.2ubuntu1,
jupyter-qtconsole,5.5.1-1,
jverein,2.8.19+dfsg-1,
jxplorer,3.3.2+dfsg-7,
k3b,23.08.5-0ubuntu5,
k4dirstat,3.4.3-1build2,
kaccounts-integration,23.08.5-0ubuntu4,
kaddressbook,23.08.5-0ubuntu3,
kaffeine,2.0.18+git20230226.439cd0d-1build2,
kaidan,0.9.1-3build2,
kajongg,23.08.5-0ubuntu1,
kalarm,23.08.5-0ubuntu3,
kalgebra,23.08.5-0ubuntu4.2,
kalgebramobile,23.08.5-0ubuntu4.2,
kalk,23.08.5-0ubuntu3,
kalzium,23.08.5-0ubuntu4,
kamera,23.08.5-0ubuntu4,
kamoso,23.08.5-0ubuntu4,
kanadic,6.5deb2-13ubuntu1,
kanagram,23.08.5-0ubuntu4,
kanatest,0.4.10~git20200611.860e790-1build2,
kanyremote,8.1.1-1,
kapman,23.08.5-0ubuntu3,
kapptemplate,23.08.5-0ubuntu3,
karbon,3.2.1+dfsg-8build4,
kasts,23.08.5-1ubuntu3,
kasumi,2.5+debian1-1build2,
kate,23.08.5-0ubuntu3,
katomic,23.08.5-0ubuntu3,
kazam,1.4.5-6,
kbackup,23.08.5-0ubuntu4,
kball,0.0.20041216-11build2,
kbibtex,0.10.0-1build3,
kblackbox,23.08.5-0ubuntu3,
kblocks,23.08.5-0ubuntu3,
kbounce,23.08.5-0ubuntu3,
kbreakout,23.08.5-0ubuntu3,
kbruch,23.08.5-0ubuntu4,
kcachegrind,23.08.5-0ubuntu3,
kcalc,23.08.5-0ubuntu4,
kcemu,0.5.2+dfsg-2,
kcharselect,23.08.5-0ubuntu4,
kcheckers,0.8.1-6build2,
kchmviewer,8.0-2build2,
kclock,23.08.5-0ubuntu3,
kcollectd,0.12.1-1build3,
kcolorchooser,23.08.5-0ubuntu4,
kdebugsettings,23.08.5-0ubuntu3,
kde-cli-tools,5.27.12-0ubuntu0.1,
kde-config-cddb,23.08.5-0ubuntu3,
kde-config-cron,23.08.5-0ubuntu3,
kde-config-fcitx,0.5.6+git20221120-1build3,
kde-config-fcitx5,5.1.4-1,
kde-config-flatpak,5.27.11-0ubuntu2,
kde-config-plymouth,5.27.11-0ubuntu2,
kde-config-screenlocker,5.27.11-0ubuntu2,
kde-config-sddm,5.27.11-0ubuntu2,
kde-config-tablet,3.2.0-5build2,
kde-config-updates,5.27.12-0ubuntu0.1,
kdeconnect,23.08.5-0ubuntu5,
kded5,5.115.0-0ubuntu5,
kdenlive,23.08.5-0ubuntu4,
kdepim-runtime,23.08.5-0ubuntu3,
kdepim-themeeditors,23.08.5-0ubuntu4,
kde-spectacle,23.08.5-0ubuntu3,
kde-style-breeze,5.27.12-0ubuntu0.1,
kdesvn,2.1.0-3build2,
kde-telepathy-contact-list,23.04.3-0ubuntu3,
kde-telepathy-text-ui,23.04.3-0ubuntu3,
kdevelop,23.08.5-0ubuntu3,
kdf,23.08.5-0ubuntu3,
kdialog,23.08.5-0ubuntu4,
kdiamond,23.08.5-0ubuntu3,
kdiff3,1.10.7-1build2,
kdiskmark,3.1.3+ds-4build2,
kdocker,5.4-1build2,
kdrill,6.5deb2-13ubuntu1,
keditbookmarks,23.08.5-0ubuntu4,
keepass2,2.47+dfsg-2,
keepassxc,2.7.6+dfsg.1-1build3,
kernelshark,2.9.3+really2.3.1-2,
ketm,0.0.6-25,
keurocalc,1.3.0-4build2,
kexi,3.2.0-3build5,
keyman,17.0.295-1,
kfind,23.08.5-0ubuntu3,
kfloppy,23.04.3-0ubuntu3,
kfourinline,23.08.5-0ubuntu3,
kgames,2.3-1build2,
kgeography,23.08.5-0ubuntu4,
kgeotag,1.5.0-1ubuntu3.1,
kget,23.08.5-0ubuntu3,
kgoldrunner,23.08.5-0ubuntu3,
kgpg,23.08.5-0ubuntu3,
khangman,23.08.5-0ubuntu4,
khelpcenter,23.08.5-0ubuntu4,
kicad,7.0.11+dfsg-1build4,
kid3,3.9.5-1build4,
kid3-qt,3.9.5-1build4,
kig,23.08.5-0ubuntu5,
kigo,23.08.5-0ubuntu3,
kildclient,3.2.1-1build4,
kile,2.9.93-2build3,
killbots,23.08.5-0ubuntu3,
kimagemapeditor,23.08.5-0ubuntu3,
kinfocenter,5.27.12-0ubuntu0.1,
king,2.24+dfsg2-2,
kio,5.115.0-0ubuntu6,
kio-audiocd,23.08.5-0ubuntu4,
kipi-plugins,23.08.5-0ubuntu4,
kirigami-gallery,23.08.5-0ubuntu3,
kiriki,23.08.5-0ubuntu3,
kiten,23.08.5-0ubuntu3,
kitty,0.35.2-1,
kiwix,2.3.1-2build2,
kjots,5.1.1-0ubuntu5,
kjumpingcube,23.08.5-0ubuntu3,
klatexformula,4.1.0-1build3,
klavaro,3.11-1build3,
klayout,0.28.16-0ubuntu0.24.04.1,
kleopatra,23.08.5-0ubuntu3,
klettres,23.08.5-0ubuntu4,
klickety,23.08.5-0ubuntu3,
klines,23.08.5-0ubuntu3,
klog,2.3.3-2build2,
kluppe,0.6.20-1.2build2,
klystrack,0.20171212-6,
kmag,23.08.5-0ubuntu3,
kmahjongg,23.08.5-0ubuntu4,
kmail,23.08.5-0ubuntu5.1,
kmenuedit,5.27.11-0ubuntu3,
kmetronome,1.4.0-1build2,
kmines,23.08.5-0ubuntu4,
kmix,23.08.5-0ubuntu5,
kmousetool,23.08.5-0ubuntu3,
kmouth,23.08.5-0ubuntu3,
kmplayer,0.12.0b+de96d9e-1build2,
kmplot,23.08.5-0ubuntu4,
kmymoney,5.1.3-1build15,
knavalbattle,23.08.5-0ubuntu3,
knetwalk,23.08.5-0ubuntu4,
knights,23.08.5-0ubuntu4,
knotes,23.08.5-0ubuntu3,
knowthelist,2.3.1-1build4,
kobodeluxe,0.5.1-10build1,
kodi,20.5+dfsg-1ubuntu1,
koko,23.08.5+ds.1-1ubuntu2,
kolf,23.08.5-0ubuntu3,
kollision,23.08.5-0ubuntu3,
kolourpaint,23.08.5-0ubuntu3,
kompare,23.08.5-0ubuntu3,
kongress,23.08.5-0ubuntu3,
konqueror,23.08.5-0ubuntu3.2,
konquest,23.08.5-0ubuntu3,
konsole,23.08.5-0ubuntu4,
konsolekalendar,23.08.5-0ubuntu3,
kontact,23.08.5-0ubuntu4.2,
kontrast,23.08.5-0ubuntu4,
konversation,23.08.5-0ubuntu4,
kookbook,0.2.1-3build2,
kopete,23.08.5-0ubuntu3,
korganizer,23.08.5-0ubuntu3,
koules,1.4-28,
kpat,23.08.5-0ubuntu4,
kphotoalbum,5.12.0-1build2,
kraft,1.1-1ubuntu4,
krank,0.7+dfsg2-4ubuntu0.24.04.1,
kraptor,0.0.20040403+ds-3ubuntu1,
krb5-auth-dialog,43.0-1build2,
krdc,23.08.5-0ubuntu4,
krename,5.0.2-2fakesync1build2,
kreversi,23.08.5-0ubuntu3,
krfb,23.08.5-0ubuntu3,
kristall,0.4+dfsg-2build4,
krita,5.2.2+dfsg-2build8,
kronometer,2.3.0-1build2,
krop,0.6.0-2ubuntu2,
kruler,23.08.5-0ubuntu3,
krusader,2.8.1-0ubuntu3,
kscreen,5.27.11-0ubuntu2,
ksh93u+m,1.0.8-1,
kshisen,23.08.5-0ubuntu3,
kshutdown,5.2-2build2,
ksirk,23.08.5-0ubuntu3,
ksnakeduel,23.08.5-0ubuntu3,
ksnip,1.10.1-1build2,
kspaceduel,23.08.5-0ubuntu3,
ksquares,23.08.5-0ubuntu3,
kst,2.0.8-5build4,
kstars,3.6.2-2ubuntu5,
ksudoku,23.08.5-0ubuntu4,
ksystemlog,23.08.5-0ubuntu4,
kteatime,23.08.5-0ubuntu3,
ktechlab,0.51.0-2build2,
ktikz,0.13.2+ds1-1build3,
ktimer,23.08.5-0ubuntu3,
ktimetracker,5.0.1-3ubuntu3,
ktnef,23.08.5-0ubuntu5.1,
ktorrent,23.08.5-0ubuntu3,
ktouch,23.08.5-0ubuntu3,
ktrip,23.08.5-0ubuntu3,
ktservice-driver-kaer,1.0.28,
ktuberling,23.08.5-0ubuntu3,
kturtle,23.08.5-0ubuntu4,
kubrick,23.08.5-0ubuntu3,
kuiviewer,23.08.5-0ubuntu3,
kupfer,326-2,
kuserfeedback-bin,1.3.0-3build3,
kvirc,5.0.0+dfsg-6build13,
kwalletmanager,23.08.5-0ubuntu4,
kwartz-client,3.0-5,
kwave,23.08.5-0ubuntu4,
kwin-data,5.27.11-0ubuntu3,
kwin-style-breeze,5.27.12-0ubuntu0.1,
kwordquiz,23.08.5-0ubuntu4,
kwrite,23.08.5-0ubuntu3,
kxstitch,2.2.0-3build3,
kylin-burner,3.0.10-1.2build4,
kylin-scanner,1.0.0-1.1build6,
kylin-video,3.1.3-5build3,
kyodialog,9.4-0,
l3afpad,0.8.18.1.11-4build2,
labelme,5.4.1-1,
labplot,2.10.1-2build3,
laby,0.7.0-2build2,
language-selector-gnome,0.225,
lanxum-ga2820dn,1.0,
lanxum-sane-backend,20200707-2.6.8.020,
lanxum-touchscreen,1.0.2-2020.05.27,
laptop-mode-tools,1.74-1.3,
late,0.1.0-14,
latexdraw,3.3.8+ds1-2,
latexila-data,3.22.0-1.1build3,
latte-dock,0.10.9-1build2,
lazarus-ide-3.0,3.0+dfsg1-8build3,
lazpaint-gtk2,7.2.2.1-1build2,
lazpaint-qt5,7.2.2.1-1build2,
lbreakouthd,1.1.6-1,
le,1.16.8-0.1,
lebiniou,3.66.0-2build4,
ledgerhelpers,0.3.10-2,
lenovo-100-m1520-m1688-series,1.0-43,
lenovo-image-g-series,1.0-17,
lenovo-image-lj23-series,1.0-16deepin0,
lenovo-printer-driver,1.51-230329,
lenovo-sane-backend,0.1.0-21166,
lenovo-spx251-321-series,1.5.7-2,
leocad,21.06-1build2,
lepton-eda,1.9.18-2build2,
lftp,4.9.2-2ubuntu1,
lgeneral,1.4.4-2,
libadwaita-1-examples,1.5.0-1ubuntu2,
libcamitk-dev,5.2.0-1build7,
libelementary-bin,1.27.0-1.1build4,
libfm-tools,1.3.2-4.1build3,
libglib2.0-tests,2.80.1-1deepin1,
libkf5guiaddons-bin,5.103.0-1,
libkf5guiaddons-data,5.115.0-0ubuntu5,
libkf5newstuff-data,5.115.0-0ubuntu5,
libkf5wallet-bin,5.115.0-0ubuntu3,
libportal-tests,0.4-2,
libportal-tests-gtk3,0.7.1-5build5,
libportal-tests-gtk4,0.7.1-5build5,
libqofono-examples,0.122-2,
librecad,2.2.0.2-1build3,
libreoffice-base,24.2.7-0ubuntu0.24.04.3,
libreoffice-calc,24.2.7-0ubuntu0.24.04.3,
libreoffice-common,24.2.7-0ubuntu0.24.04.3,
libreoffice-draw,24.2.7-0ubuntu0.24.04.3,
libreoffice-impress,24.2.7-0ubuntu0.24.04.3,
libreoffice-math,24.2.7-0ubuntu0.24.04.3,
libreoffice-writer,24.2.7-0ubuntu0.24.04.3,
libts-bin,1.22-1.1build1,
libu1db-qt5-examples,0.1.7-1build2,
libwine,9.0~repack-4build3,
libxfce4ui-utils,4.18.6-1,
lierolibre,0.5-3build4,
lifeograph,2.0.3-1build2,
liferea,1.15.4-1ubuntu2,
lightdm-gtk-greeter-settings,1.2.3-0ubuntu1,
lightdm-settings,2.0.1-1,
light-locker-settings,1.5.0-0ubuntu4,
lightsoff,46.0-1,
lightyears,1.5.0-3,
lilyterm,0.9.9.4+git20150208.f600c0-5build3,
limesuite,23.11.0+dfsg-2build2,
lincity,1.13.1-16build1,
lincity-ng,2.10.2-1,
linglong-installer,1.6.3-1,
lingot,1.1.1-5build3,
links2,2.29-1build6,
linphone-desktop,5.0.2-4build5,
linssid,3.6-8build4,
linuxaudio-new-session-manager,1.6.1-0ubuntu3,
linux-show-player,0.5.3-1,
lios,2.7.2-7,
liquidwar,5.6.5-2build2,
literki,0.0.0+20100113.git1da40724-1.2ubuntu3,
littlewizard,1.2.2-4.1build2,
live-clone,3.1-1,
livi,0.1.0-1ubuntu1,
lmarbles,1.0.8-0.2,
lmemory,0.6c-11build2,
lmms,1.2.2+dfsg1-6build7,
logisim,2.7.1~dfsg-4,
lokalize,23.08.5-0ubuntu3,
lollypop,1.4.37-1,
lomiri,0.2.1-10build1,
lomiri-calculator-app,4.0.1-1,
lomiri-clock-app,4.0.3-1build3,
lomiri-docviewer-app,3.0.4+dfsg-2build2,
lomiri-filemanager-app,1.0.4+dfsg-1ubuntu3,
lomiri-gallery-app-common,3.0.2-1build2,
lomiri-mediaplayer-app,1.0.4+dfsg-1build2,
lomiri-music-app,3.0.3-1,
lomiri-system-settings,1.1.0-2,
lomiri-telephony-service,0.5.3-1build3,
lomiri-terminal-app,2.0.2-2build2,
lomiri-tests,0.2.1-10build1,
lomiri-url-dispatcher-tools-gui,0.1.3-1build3,
loook,0.9.0-1,
loqui,0.7.0-2ubuntu1,
lordsawar,0.3.2+frogknows-1build3,
loupe,46.2-0ubuntu1,
love,11.5-1build1,
lshw-gtk,02.19.git.2021.06.19.996aaad9c7-2deepin0,
lskat,23.08.5-0ubuntu3,
lsp-plugins-jack,1.2.14-1,
ltris,1.2.8-1,
ltrsift,1.0.2-9ubuntu2,
luakit,2.3.6-1build2,
lubuntu-default-settings,24.04.11,
lubuntu-update-notifier,1.0.0build2,
luckybackup,0.5.0-7build2,
luckyluks,2.1.0-3,
lugaru,1.2-6build2,
luminance-hdr,2.6.1.1+dfsg-3build3,
luola,1.3.2-14,
lure-of-the-temptress,1.1+ds3-1,
lusernet.app,0.4.3-1build5,
lutris,0.5.14-2,
lxappearance,0.6.3-deepin1,
lxhotkey-gtk,0.1.1-2build3,
lximage-qt,1.4.0-0ubuntu6,
lxinput,0.3.5-deepin1,
lxi-tools,2.7-1build2,
lxmusic,0.4.7-2build2,
lxpanel,0.10.1-4build5,
lxqt-about,1.4.0-0ubuntu4,
lxqt-admin,1.4.0-0ubuntu4,
lxqt-archiver,0.9.1-0ubuntu6,
lxqt-branding-debian,0.14.0.4,
lxqt-config,1.4.0-0ubuntu4,
lxqt-globalkeys,1.4.0-0ubuntu4,
lxqt-notificationd,1.4.0-0ubuntu4,
lxqt-powermanagement,1.4.0-0ubuntu5,
lxqt-session,1.4.0-0ubuntu6,
lxrandr,0.3.2-deepin1,
lxsession-default-apps,0.5.5-deepin1,
lxsession-edit,0.5.5-deepin1,
lxtask,0.1.10-2build2,
lxterminal,0.4.0-2build2,
lybniz,3.0.4-6,
lynis,3.0.9-1,
lynkeos.app,3.7+dfsg-1build2,
lyricue,4.0.13.isreally.4.0.12-0ubuntu7,
lyx,2.4.0~RC3-1build4,
madbomber,0.2.5-9,
maelstrom,3.0.7-4,
magnus,1.0.3-4,
mah-jong,1.16-1build2,
mailnag,2.2.0-2,
malcontent-gui,0.11.1-3deepin1,
maliit-keyboard,2.3.1-5build2,
mame,0.264+dfsg.1-1,
manaplus,2.1.3.17-7build3,
mancala,1.0.3-1build2,
mandelbulber2,2.20-2build4,
mangler,1.2.5-5.1build3,
mantis-xray,3.1.15-1,
manuskript,0.16.1-1,
mapivi,1.2+svn356-1,
marble,23.08.5-0ubuntu3.2,
marble-data,23.08.5-0ubuntu3.2,
marble-maps,23.08.5-0ubuntu3.2,
marble-qt,23.08.5-0ubuntu3.2,
marco,1.26.2-4build4,
marsshooter,0.7.6-7build1,
massif-visualizer,0.7.0-4build2,
massxpert2,8.3.0-1build2,
matanza,0.13+ds2-1build2,
matchbox-keyboard,0.2+git20160713-1build5,
matchbox-panel,0.9.3+git20100816-1build2,
matchbox-panel-manager,0.1+git20041202-1build3,
mate-calc,1.26.0-1build2,
mate-control-center,1.26.1-1.1build3,
mate-desktop,1.26.2-1.1build3,
mate-hud,22.10.3-2,
matekbd-keyboard-display,23.11.1-1build2,
mate-media,1.26.2-1build4,
mate-notification-daemon,1.26.1-1build4,
mate-panel,1.27.1-2build3,
mate-power-manager,1.26.1-1build4,
mate-screensaver,1.26.2-1build2,
mate-session-manager,1.26.1-2build2,
mate-system-monitor,1.26.3-1build3,
mate-terminal,1.26.1-1build3,
mate-tweak,22.10.0-3,
mate-user-admin,1.7.0-1build3,
mate-user-guide,1.26.2-1,
mate-user-share,1.26.0-1build3,
mate-utils,1.26.1-1build4,
mathgl,8.0.1-7.1build1,
mathomatic,16.0.5-5,
matlab-support,0.1,
mauve-aligner,2.4.0+4736-6,
mbox-importer,23.08.5-0ubuntu3,
mc,4.8.31-1,
mcomix,3.0.0-1,
mcpdisp,0.1.2-0ubuntu4,
mcu8051ide,1.4.9-2,
mdfinder.app,1.0.0-1build2,
medcon,0.23.0-gtk3+dfsg-1.1build3,
mediaconch-gui,23.10-1build3,
mediainfo-gui,24.01.1-1build2,
mediathekview,13.2.1+ds-1,
mednafen,1.29.0+dfsg-1build3,
mednaffe,0.9.2-1build2,
megaglest-data,3.13.0-3,
megan-ce,6.21.1+dfsg-3,
megapixels,1.8.1-1,
meld,3.22.2-1,
menulibre,2.4.0-0ubuntu1,
meritous,1.5-1.1,
merkaartor,0.19.0+ds-5,
merkuro,23.08.5-0ubuntu3.1,
meshlab,2020.09+dfsg1-2build2,
mess-desktop-entries,0.2-4.1,
metacity,3.52.0-1build1,
metadata-cleaner,2.5.2+ds-1,
meteo-qt,3.3-2.1,
meterbridge,0.9.2-14build1,
metview,5.21.2-1build3,
mgba-qt,0.10.2+dfsg-1.1build3,
mhwaveedit,1.4.24-1build2,
mialmpick,0.2.15-2build3,
miceamaze,4.2.1-3build1,
micro,2.0.13-1,
microhope,5.3.1+repack-6build1,
micropolis,0.0.20071228-10,
mikutter,5.0.4+dfsg1-2,
milkytracker,1.04.00.20230830+dfsg-1build2,
minder,1.16.2-1build2,
minetest,5.6.1+dfsg+~1.9.0mt8+dfsg-4build3,
minicom,2.9-4,
minigalaxy,1.2.6-2,
minitube,3.9.3-2build2,
minizinc-ide,2.8.2-1build2,
mintstick,1.6.0-1,
minuet,23.08.5-0ubuntu3,
mirage,0.11.2-1build1,
mir-demos,2.14.1-4.1ubuntu3,
mirrormagic,3.3.0+dfsg1-1,
mit-scheme,12.1-3,
mixxx,2.4.0+dfsg-2build4,
mkchromecast,0.3.9~git20200902+db2964a-2.1,
mkvtoolnix-gui,82.0-1build2,
mlterm-common,3.9.3-1build2,
mm3d,1.3.14-2build2,
mnemosyne,2.9+ds1-1,
mobile-atlas-creator,2.1.4+dfsg.1-2,
modem-manager-gui,0.0.20-6build3,
mokomaze,0.7.1-1build4,
monajat-applet,4.1-2,
monodoc-http,4.2-3.2,
mono-tools-gui,4.2-3.1,
monsterz,0.7.1-12build1,
moon-lander,1.0-9,
moonshot-ui,1.1.0+libsecret~2ubuntu1,
mopidy,3.4.2-1ubuntu0.1,
moria,5.7.13-1,
morph-browser,1.1.0+dfsg-1build2,
morris,0.3-1build2,
moserial,3.0.12-0ubuntu4,
mousepad,0.6.1-1build2,
mousetrap,1.0c-2build1,
mozc-utils-gui,2.28.4715.102+dfsg-2.3deepin1,
mozo,1.26.2-1,
mp3diags,1.5.01-2build3,
mp3splt-gtk,0.9.2-3.2build5,
mpdcon.app,1.5.1-0.2build1,
mpdris2,0.9.1-2,
mplayer-gui,1.5+svn38446-1build5,
mplinuxman,1.5-0ubuntu5,
mpv,0.38.0-1deepin1,
mrboom,5.4+ds-1build2,
mricron,1.2.20211006+dfsg-5,
mrrescue,1.02e-3,
mrtrix3,3.0.4-1build2,
mtink,1.0.16-15build2,
mtpaint,3.50-0.1build3,
mu-cade,0.11.dfsg1-13build2,
mudita24,1.0.3+svn13-7build3,
muffin,6.0.1-2build2,
mugshot,0.4.3-1,
mumble,1.5.517-1ubuntu2,
munipack-gui,0.6.1-1build3,
mupdf,1.23.10+ds1-1build3,
mupen64plus-qt,1.15-1build2,
mupen64plus-ui-console,2.5.9+26+g3ad5cbb-3,
muse,4.2.1-1build3,
musescore,2.3.2+dfsg4-15build3,
musescore3,3.2.3+dfsg2-16build5,
mustang-plug,1.2-3build3,
mutt,2.2.13-1,
mx44,1.0-0ubuntu8,
mypaint,2.0.1-10build2,
mystiq,20.03.23-3build2,
mythtv-backend,34.0+fixes.20240210.e3e165a1-0ubuntu6,
mythtv-frontend,34.0+fixes.20240210.e3e165a1-0ubuntu6,
naev,0.8.2-1build3,
nagstamon,3.14.0+ds1-1,
natbraille,2.0rc3-15,
nautic,1.5-6build3,
nautilus,46.2-0ubuntu0.3,
nautilus-dropbox,2019.02.14-1.2build2,
nautilus-scripts-manager,2.0-1.1,
navit,0.5.6+dfsg.1-2build4,
nbsdgames,5-6,
ncbi-cn3d,3.0.20170106+dfsg2-2,
ncbi-tools-x11,6.1.20170106+dfsg2-2,
ncl-ncarg,6.6.2.dfsg.1-5,
ncmpc,0.49-1build2,
ncmpcpp,0.9.2-2build9,
nec2c,1.3.1-2,
nedit,5.7-5build2,
needrestart-session,0.3-12,
nemo,6.0.2-1ubuntu2,
neobio,0.0.20030929-6,
neochat,23.08.5-0ubuntu4.1,
neomutt,20231103+dfsg1-1build3,
neovim-qt,0.2.18-1build2,
neovim-runtime,0.9.5-6ubuntu2,
nestopia,1.52.0-1build2,
netgen,6.2.2401+dfsg1-1.1build3,
nethack-console,3.6.7-1build3,
nethack-qt,3.6.7-1build3,
nethack-x11,3.6.7-1build3,
net.hesan.gpy,1.0.26,
netmate,0.2.0-12build2,
netpanzer,0.8.7+ds-5,
netrek-client-cow,3.3.2-1build2,
netsurf-gtk,3.11-1build5,
nettoe,1.5.1-3,
network-manager-gnome,1.34.0-2,
neurodebian-desktop,0.42.1,
neverball,1.6.0+git20180603-3build2,
neverputt,1.6.0+git20180603-3build2,
nextcloud-desktop,3.11.0-1.1build4,
nexuiz,2.5.2+dp-9,
nfoview,1.99-1,
ngraph-gtk,6.09.07-1build4,
nheko,0.11.3+~0.9.2+~1.0.0+~0.3.0-1build4,
nicotine,3.2.9-2,
nikwi,0.0.20120213-6,
nip2,8.9.1-1build3,
nitrogen,1.6.1-2build3,
nitrokey-app,1.4.2-1ubuntu2,
nitrokey-authenticator,1.2.4-2build3,
nixnote2,2.1.10+dfsg1-2build4,
njam,1.25-12fakesync1,
njplot,2.4-9build2,
nlkt,0.3.2.6-2.1build2,
nmapsi4,0.5~alpha2-4build2,
nm-tray,0.5.0-0ubuntu4,
noblenote,1.2.0-1build4,
noiz2sa,0.51a-13,
nomacs,3.17.2282+dfsg-2build2,
notedeln,1.5.2-1build2,
notepadqq,2.0.0~beta1-4build2,
notification-daemon,3.20.0-deepin1,
notmuch,0.38.3-1ubuntu2,
nsnake,3.0.1-2.1,
nsxiv,32-1build2,
nted,1.10.18-13build3,
numberstation,1.4.0-1,
numptyphysics,0.3.10-0.2ubuntu3,
nuntius,0.2.0-5build3,
nut-monitor,2.8.1-3.1ubuntu2,
nvidia-settings,510.47.03-0ubuntu4,
nvpy,2.0.0-2,
nvtop,3.0.2-1,
obconf,2.0.4+git20150213-3build1,
obconf-qt,0.16.4-0ubuntu6,
obfuscate,0.0.9-3,
obs-studio,31.0.2,obs-studio,https://github.com/obsproject/obs-studio/releases/download/31.0.2/OBS-Studio-31.0.2-Ubuntu-24.04-x86_64.deb,OBS-Studio-31.0.2-Ubuntu-24.04-x86_64.deb
ocaml-interp,4.14.1-1ubuntu1,
occt-draw,7.6.3+dfsg1-7.1build1,
ocrfeeder,0.8.5-1,
octave,8.4.0-1build5,
odin,2.0.5-5build4,
oidc-agent-desktop,4.2.6-1.1build3,
okteta,0.26.15-1build3,
okular,23.08.5-0ubuntu5,
okular-backend-odp,3.2.1+dfsg-8build4,
okular-backend-odt,3.2.1+dfsg-8build4,
okular-extra-backends,23.08.5-0ubuntu5,
okular-mobile,23.08.5-0ubuntu5,
omega-rpg,0.90-pa9-17,
omegat,3.6.0.10+dfsg-3,
onboard,1.4.1.1-deepin7+rb1,
onedriver,0.14.1-1build2,
oneisenough,0.40-6,
oneko,1.2.sakura.6-15,
onioncircuits,0.8.1-1,
onionshare,2.6-6ubuntu1,
open-adventure,1.12-1,
openarena,0.8.8+dfsg-7,
openboard,1.6.4+dfsg-1build8,
openbox,3.6.1-12build5,
openbox-lxde-session,0.99.2-5,
opencfu,4.0.0+dfsg-2build2,
opencity,0.0.6.5stable-5,
openclonk,8.1-4build3,
opencpn,5.8.4+dfsg-1build4,
opencubicplayer,0.2.107+ds-1build3,
opendrop,3.3.1-6build2,
open-invaders,0.3-8build2,
openjazz,20231028-2,
openjdk-11-jre,11.0.26+4-1ubuntu1~24.04,
openjdk-17-jre,17.0.14+7-1~24.04,
openjdk-21-jre,21.0.6+7-1~24.04.1,
openjdk-8-jre,8u442-b06~us1-0ubuntu1~24.04,
openlp,3.1.0~rc4-1,
openmcdf,1.5.4-3.1,
openmrac,1.2-2build2,
openmsx,19.1+dfsg-1ubuntu3,
openmsx-catapult,19.0-1build2,
openmsx-debugger,0.1~git20230804-1build2,
openmw-cs,0.48.0-1ubuntu5,
openmw-launcher,0.48.0-1ubuntu5,
openorienteering-mapper,0.9.5-3.1build5,
openpgp-applet,1.1-3,
openpref,0.1.3-3build3,
openrct2,0.4.10+ds-1ubuntu1,
openrefine,3.7.7-1,
openrocket,15.03.6,
opensc,0.25.1-1,
openscad,2021.01-6build4,
openshot-qt,3.1.1+dfsg1-1,
openssn,1.4-4,
openstereogram,0.1+20080921-3,
openswitcher,0.10.0-1build1,
openttd,13.4-1build3,
opentyrian,2.1.20221123-1,
openuniverse,1.0beta3.1+dfsg-7.1build1,
openyahtzee,1.9.3-5build3,
ophcrack,3.8.0-3build4,
optgeo,2.25-4,
opticalraytracer,9.6-4,
orage,4.18.0-1build3,
orbital-eunuchs-sniper,1.30+svn20070601-4.1,
org.deepin.browser,6.5.2-1,
org.deepin.downloader,5.3.77,
org.hm1032f.jyy,,
org.szra.uosboscukey,3.28.2.4-b3,
org.szra.uoscibukey,3.30.2.4-b5,
org.szra.uoslzbukey,3.33.2.4-b5,
org.szra.uosxabukey,3.29.2.4-b5,
osdlyrics,0.5.15+dfsg-2build2,
osmo,0.4.4-2.1build2,
osmose-emulator,1.6-1build3,
othman,1.0.0-2,
otpclient,3.2.1-2build4,
out-of-order,1.0-3,
overgod,1.0-6build2,
owncloud-client,5.2.1.13040+dfsg-2build1,
owncloud-client-cmd,5.2.1.13040+dfsg-2build1,
packagesearch,2.8.1build3,
package-update-indicator,8-2build2,
packetsender,8.5.2-1build2,
pacman,10-19,
pacman4console,1.3-1build3,
padthv1,0.9.34-1build3,
pageedit,2.0.0+dfsg-1build2,
paje.app,1.98-1.1build1,
palapeli,23.08.5-0ubuntu3,
pampi,1.1+dfsg1-9,
pan,0.155-1build2,
pangzero,1.4.1+git20121103-6,
paprefs,1.2-1fakesync1build2,
paraview,5.11.2+dfsg-6build5,
parcellite,1.2.1-8build2,
parlatype,3.1-3.1build3,
parley,23.08.5-0ubuntu3,
parole,4.18.1-1build2,
parolottero,1.0-1.1build2,
parsec47,0.2.dfsg1-9build5,
partitionmanager,23.08.5-0ubuntu4,
pasaffe,0.58-0ubuntu1,
passage,4+dfsg1-3build1,
passes-gtk,0.9-1build1,
password-gorilla,1.6.0~git20180203.228bbbb-1,
passwordsafe,1.17.0+dfsg-1build2,
pasystray,0.8.2-1build2,
patchance,1.1.0-0ubuntu2,
pathogen,1.1.1-5build1,
pathological,1.1.3-17,
pavucontrol,5.0-2build3,
pavucontrol-qt,1.4.0-0ubuntu6,
pavumeter,0.9.3-4build5,
pax-britannica,1.0.0-5build2,
pcalendar,3.4.1-5,
pcmanfm,1.3.2-4build2,
pcmanfm-qt,1.4.1-0ubuntu6,
pcp-gui,6.3.1-1,
pcsc-tools,1.7.1-1,
pcsxr,1.9.94-6,
pdfarranger,1.10.1-1,
pdfchain,0.4.4.2-2build2,
pdf-presenter-console,4.6.0-3build3,
pdfsam,4.3.4-1,
peek,1.5.1+git20230114-1build2,
peg-e,1.3.2-1build2,
pegsolitaire,0.3-2build2,
peg-solitaire,2.2-4build2,
pekka-kana-2,1.2.7-1,
pencil2d,0.6.6-3build2,
pente,2.2.5-11,
pentobi,23.1-1build2,
peony,4.0.0.1-1,
performous,1.3.0+ds-1build4,
perlprimer,1.2.4-2,
persalys,15.0+ds-3build5,
persepolis,3.0.1-1.1,
peruse,1.80+dfsg-2build11,
petris,1.0.1-11,
pfm,2.0.8-3,
pgn2web,0.4-3.1build3,
phasex,0.14.97-3build5,
phlipple,0.8.5-5.1build1,
phoc,0.38.0+ds-1,
phosh,0.38.0-1,
phosh-antispam,3.4-1build2,
phosh-mobile-settings,0.38.0-1,
phosh-tour,0.38.0-1,
photocollage,1.4.5-0.2,
photofilmstrip,4.0.0-2,
photoflare,1.6.13-1build2,
photoqt,4.4+ds-1,
phototonic,2.1-3build2,
phpliteadmin,1.9.8.2-2,
pianobooster,1.0.0-3build2,
picard,2.11-1,
picmi,23.08.5-0ubuntu3,
picom,10.2-3build2,
picom-conf,0.17.0-1build3,
picplanner,0.4.0-1build2,
pidgin,2.14.13-1ubuntu2,
pikopixel.app,1.0-b10b-1build1,
pim-data-exporter,23.08.5-0ubuntu3,
pim-sieve-editor,23.08.5-0ubuntu3,
pinball,0.3.20230219-1,
pineapple-pictures,0.7.3-1build2,
pingus,0.7.6-6build2,
pinhole,0.1.0+git20221220-1build2,
pink-pony,1.4.1-3.1build3,
pinot,1.21-1build3,
pioneers,15.6-1build5,
pipenightdreams,0.10.0-15,
piper,0.7-1,
piperka-client,0.2.2-1build3,
pipewalker,1.0-1,
pithos,1.6.1-0.1,
pitivi,2023.03-1build3,
pixelize,2.0.0~git20220108.d1f9da9-1build2,
pixelmed-webstart-apps,20220618+dfsg-2,
plakativ,0.5.2-1,
planetblupi,1.15.0-5,
planets,0.1.13-22build1,
plank,0.11.89-4ubuntu5,
planner-data,0.14.91-3build3,
plasma-browser-integration,5.27.11-0ubuntu2,
plasma-desktop,5.27.12-0ubuntu0.1,
plasma-dialer,23.01.0-1build2,
plasma-discover,5.27.12-0ubuntu0.1,
plasma-discover-backend-flatpak,5.27.12-0ubuntu0.1,
plasma-discover-backend-snap,5.27.12-0ubuntu0.1,
plasma-discover-notifier,5.27.12-0ubuntu0.1,
plasma-firewall,5.27.11-0ubuntu3,
plasma-mobile,5.27.11-0ubuntu2,
plasma-nm,5.27.11-0ubuntu2,
plasma-pa,5.27.11-0ubuntu3,
plasma-phonebook,23.01.0-1build2,
plasma-remotecontrollers,5.27.11-0ubuntu2,
plasma-sdk,5.27.11.1-0ubuntu2,
plasma-settings,23.01.0-1build3,
plasma-systemmonitor,5.27.11-0ubuntu2,
plasma-thunderbolt,5.27.11-0ubuntu3,
plasma-welcome,5.27.11-0ubuntu3.2,
plasma-workspace,5.27.12-0ubuntu0.1,
plasmidomics,0.2.0-10,
playonlinux,4.3.4-3,
plee-the-bear,0.6.0-8build5,
plm,2.9.2-1,
plopfolio.app,0.1.0-8build3,
plover,4.0.0~rc2-0.2,
pluma,1.26.1-2build3,
plume-creator,0.66+dfsg1-3.2build3,
pnmixer,0.7.2-1build3,
poe.app,0.5.1-6build3,
poedit,3.4.2-1build3,
poezio,0.14-3build1,
pokemmo-installer,1.4.8-1,
pokerth,1.1.2-3build4,
polari,45.0-3build3,
policycoreutils-gui,3.5-1,
polkit-kde-agent-1,5.27.11-0ubuntu3,
polyphone,2.2.0.20210109+dfsg1-3build3,
pong2,0.1.3-3,
ponyprog,3.1.3+ds-1build2,
portfolio-filemanager,1.0.1-1,
posterazor,1.5.1-10build2,
powder,118+dfsg1-3,
powerdevil,5.27.11-0ubuntu2,
powermanga,0.93.1-6build2,
powersupply-gtk,0.9.0-1,
pq,6.2-0ubuntu4,
pqiv,2.12-1build6,
praat,6.4.06+dfsg-1build2,
pragha,1.3.4-2build4,
prerex,6.8.0-1,
preview.app,0.8.5-11build5,
price.app,1.3.0-5build2,
primrose,6+dfsg1-4build1,
printer-driver-foo2zjs-common,20200505dfsg0-2ubuntu6,
printer-driver-grandprinter-mfp-notcm,1.0.0-22312,
printer-driver-lanxum-ga-series,1.0.0-24157,
print-manager,23.08.5-0ubuntu4,
privacybrowser,0.5-1build2,
process-viewer,0.5.9-1,
progvis,0.6.20-1build3,
projectcenter.app,0.7.0-1build1,
projecteur,0.10-2build2,
projectl,1.001.dfsg2-1,
project-x,0.90.4dfsg-0ubuntu6,
proofgeneral,4.5-1,
protontricks,1.10.5-1,
prusa-slicer,2.7.2+dfsg-1build2,
psensor,1.1.5-1.4ubuntu2,
psi,1.5+dfsg1-1.1build3,
psi-plus,1.4.554-5build5,
psi-plus-webkit,1.4.554-5build5,
psk31lx,2.2-1build1,
pspp,2.0.0-3build2,
psychopy,2023.2.4+dfsg-3,
pt2-clone,1.66.1+ds-1build2,
ptask,1.0.0-1.1build3,
pterm,0.81-1,
puddletag,2.2.0-3,
pulseeffects,4.8.7-2build3,
pulseview,0.4.2-3build4,
pumpa,0.9.3-1build4,
puredata-gui,0.54.1+ds-4build3,
pushover,1.1-3build3,
putty,0.81-1,
puzzle-jigsaw,1.0.2+git20201007.527c529+dfsg-4build2,
pyacidobasic,3.0-1,
pybik,3.0-6build2,
pychess,1.0.4-0.1,
pycirkuit,0.5.1-3,
pycode-browser,1.03-2,
pyfai,2024.02-1build2,
pyhoca-gui,0.6.1.1-1,
pymca,5.9.2+dfsg-2build1,
pymol,2.5.0+dfsg-1build6,
pympress,1.8.4-1ubuntu1,
pyqso,1.1.0-5,
pyracerz,0.2+dfsg-2,
pysatellites,2.7-2,
pyscanfcs,0.3.6+ds-4build2,
pysiogame,4.20.01-1,
pysolfc,2.6.4-3,
pyspread,2.2.3-1,
python2.7,2.7.18.1-1+deepin,
python3.11,3.11.8-1,
python3.12,3.12.4-0deepin1,
python3-dogtail,0.9.11-12,
python3-guidata,3.0.4+dfsg1-1,
python3-guiqwt,4.4.4-1build1,
python3-mecavideo,8.0~rc10-2,
python3-napari,0.5.0~a1-5,
python3-navarp,1.6.0-2,
python3-opensnitch-ui,1.5.8.1-1ubuntu0.24.04.2,
python3-orange3,3.35.0+ds1-5build2,
python3-orange-spectroscopy,0.6.10-4,
python3-pyo,1.0.5-5build2,
python3-refnx,0.1.38-1build2,
python3-ufo-tofu,0.12.0-3,
python3-whiteboard,1.0+git20211001-2,
python3-windowmocker,1.4+14.04.20140220.1-0ubuntu3,
python3-xrt,1.6.0+ds1-1,
pytrainer,2.2.1-4,
pyzo,4.12.3-1,
q4wine,1.3.13-1build2,
qabc,1.10-1build2,
qabcs,1.0.2-6build2,
qalculate-gtk,4.9.0-1build3,
qapt-deb-installer,3.0.5.2-deepin3,
qasconfig,1.4.0-1build3,
qashctl,1.4.0-1build3,
qasmixer,1.4.0-1build3,
qbittorrent,4.6.3-1build2,
qbrew,0.4.1-8build3,
qcalcfilehash,1.1.1-1build3,
qcomicbook,0.9.1-3build3,
qdacco,1.1.2-1build2,
qdirstat,1.9-1build2,
qdmr,0.11.2-1build3,
qelectrotech,0.9-2build2,
qemu-system-data,8.2.2+ds-0ubuntu1.6,
qfitsview,4.1+dfsg-2build3,
qflipper,1.3.3-1build2,
qgis,3.34.4+dfsg-4build2,
qgit,2.10-2build2,
qgo,2.1~git-20180413-1build3,
qhimdtransfer,0.9.16-2build4,
qimgv,1.0.2+git20240112-1build2,
qiv,2.3.3-1.1build2,
qjackctl,0.9.13-1build3,
qjackrcd,1.2.0-2build3,
qjoypad,4.3.1-3build2,
qlcplus,4.12.7-1build4,
qlipper,5.1.2-deepin1,
qmapshack,1.17.1-1build2,
qmidiarp,0.7.0+ds-1build4,
qmidictl,0.9.10-1build3,
qmidinet,0.9.12-1build3,
qmidiroute,0.4.0-2build4,
qmlkonsole,23.08.5-0ubuntu3,
qml-module-qtmir,0.8.0~git20240131.2f99df3-1build5,
qmmp,1.6.2-1build6,
qnapi,0.2.3-2build2,
qnetstatview,1.5.8-2build2,
qosmic,1.6.0+v20240202-1build2,
qpdfview,0.5.0+ds-4build4,
qprogram-starter,1.7.4-1build3,
qprompt,1.1.6-0ubuntu5,
qps,2.8.0-0ubuntu4,
qpwgraph,0.6.1-1build3,
qpxtool,0.8.1-2.1build2,
qrazercfg,0.42+ds-4,
qreator,16.06.1-7.1,
qrq,0.3.5-2,
qsampler,0.9.12-1build2,
qshutdown,1.7.4-1build3,
qspeakers,1.6.9-1build2,
qsstv,9.5.8-3build3,
qstardict,1.4.1-1build4,
qstopmotion,2.5.2-1build2,
qsynth,0.9.13-1build3,
qt5-assistant,5.15.13-1,
qt5ct,1.5-1build11,
qt5-style-kvantum,1.0.10-1build3,
qt6ct,0.9-2build2,
qtads,3.4.0+dfsg-1build3,
qtcreator,15.0.0~beta2-2,
qtel,19.09.2-1.1build3,
qterm,0.7.4-2build4,
qterminal,1.4.0-0ubuntu5,
qtgain,1.0.0-0ubuntu3,
qthid-fcd-controller,4.1-6build2,
qtikz,0.13.2+ds1-1build3,
qtmir-tests,0.8.0~git20240131.2f99df3-1build5,
qtop,2.3.4-3build2,
qtox,1.17.6-0.1build5,
qtpass,1.4.0-1build3,
qtqr,2.1~bzr52-1,
qtractor,0.9.39-1build3,
qtscrob,0.11+git-5build3,
qttinysa,0.10.1-1,
qttools5-dev-tools,5.15.13-1,
quadrapassel,40.2-1build2,
quake2,77ubuntu2,
quake3,77ubuntu2,
quake,77ubuntu2,
quassel,0.14.0-2ubuntu3,
quassel-client,0.14.0-2ubuntu3,
quaternion,0.0.95.1-1ubuntu3,
quickcal,2.4-1,
quickroute-gps,2.4-15,
quisk,4.2.30-1,
quitcount,3.1.4-3build2,
quiterss,0.19.4+dfsg-1build2,
quodlibet,4.6.0-3,
qutebrowser,2.5.4-2ubuntu1,
qutemol,0.4.1~cvs20081111-15build2,
qv4l2,1.26.1-4build3,
qvge,0.6.3-4build2,
qviaggiatreno,2013.7.3-12build2,
qvidcap,1.26.1-4build3,
qweborf,1.0-1ubuntu0.1,
qwinff,0.2.1+git20201215-2build3,
qwo,0.5-4build2,
qxgedit,0.9.12-1build2,
qxw,20200708-2build2,
racket,8.10+dfsg1-2ubuntu1,
railway-gtk,2.4.0-3,
raincat,1.2.1-1,
rakarrack,0.6.1-8ubuntu1,
ranger,1.9.3-5ubuntu0.24.04.1,
rapid-photo-downloader,0.9.36-0ubuntu3,
rasmol,2.7.6.0-3build3,
rasterview,1.8-1build2,
rawtherapee,5.10-1build4,
raysession,0.14.3-0ubuntu2,
r-base-core,4.4.1-3,
rclone-browser,1.8.0-4build2,
r-cran-rcmdr,2.9-2-1,
reader-ty19-all,1.0.0,
recollgui,1.36.1-1build2,
redeclipse,1.6.0-1build1,
rednotebook,2.32+ds-2,
redshift,1.12-4.2ubuntu4,
redshift-gtk,1.12-4.2ubuntu4,
redshift-qt,0.6-3build3,
regexxer,0.10-6build2,
relational,3.1-1,
reminiscence,0.2.1-2build2,
remmina,1.4.35+dfsg-0ubuntu5,
renpy,8.1.3+dfsg-1build2,
renpy-demo,8.1.3+dfsg-1build2,
renpy-thequestion,8.1.3+dfsg-1build2,
repetier-host,0.85+dfsg-5,
reportbug-gtk,13.0.1ubuntu1,
retext,8.0.2-1,
retroarch,1.18.0+dfsg-1,
revelation,0.5.5-1,
revolt,0.0+git20211216.7f6f762-2,
rfdump,1.6-9.1build2,
rgbpaint,0.8.7-6.1build3,
rhinote,0.7.4-5,
rhythmbox,3.4.7-2ubuntu6,
ricochet,0.10,
ricochet-im,1.1.4-3build8,
ri-li,3.1.4-1build2,
ripoff,0.8.3-0ubuntu20,
ripperx,2.8.0-3build2,
riseup-vpn,0.21.11+ds1-5ubuntu2.2,
ristretto,0.13.1-1build2,
rkward,0.7.5-2build2,
rlvm,0.14-5.2build3,
rmlint-gui,2.9.0-2.3,
robocode,1.9.3.9-3,
robocut,1.0.11-1build3,
robotfindskitten,2.8284271.702-1,
rockdodger,1.1.4-2,
rockhopper,2.0.3+dfsg2-4,
rocksndiamonds,4.3.8.1+dfsg-1,
rocs,23.08.5-0ubuntu4,
rofi,1.7.5-0.1build2,
rosegarden,22.12.1-2build3,
rott,20230810-1,
rpi-imager,1.8.5+noembed-0ubuntu5,
rrootage,0.23a-13,
rsibreak,0.12.15-1build2,
rss-glx,0.9.1-6.5build2,
rssguard,4.0.4+dfsg-1.1build2,
rtcw,1.51.c+dfsg1-7build2,
runescape,0.8-2,
rxvt-unicode,9.31-3build2,
rygel,0.42.5-1ubuntu3,
rygel-preferences,0.42.5-1ubuntu3,
sabnzbdplus,4.2.2+dfsg-3,
sachesi,2.0.4+ds-7build3,
safeeyes,2.1.5-0.1ubuntu0.1,
saga,9.3.1+dfsg-3build3,
sagcad,0.9.14-0ubuntu6,
sailcut,1.4.1-2.1build2,
sakura,3.8.8-1,
saldo,0.7.0-2,
samplv1,0.9.34-1build3,
sane-start,1.1.2,
saods9,8.5+repack-1build2,
sasm,3.14.0+ds-1build2,
sasview,5.0.6-2,
satellite-gtk,0.4.2-1,
sauerbraten,0.0.20201227-1,
savi,1.6.0-1,
sawfish,1.11.90-1.2build3,
sayonara,1.8.0-beta1-1build3,
scanner-driver-avision-withtool,0.1.0-23177,
scanner-driver-founder,0.1.0-24228,
scanner-driver-microtek,2.1.2.0,
scanner-driver-zcjt,2.1.0.3,
scanux-base,3.0.15.14,
schism,20240129-1,
scid,4.7.4+dfsg1-2,
scilab,2024.0.0+dfsg-5build3,
scilab-cli,2024.0.0+dfsg-5build3,
scim,1.4.18-2-deepin1+rb1,
scite,5.4.1-1build2,
scoary,1.6.16-6,
scolasync,5.5-1,
scorched3d,44+dfsg-8build3,
scram-gui,0.16.2-3build4,
scratch,1.4.0.6~dfsg1-6.1,
scrcpy,1.25-1ubuntu1,
screengrab,2.7.0-0ubuntu4,
screenkey,1.5-3,
screenruler,1.2.1-1,
scribus,1.6.1-0ubuntu7,
scummvm,2.8.0+dfsg-1build5,
sddm-conf,0.2.0-0ubuntu7,
sdl-ball,1.04+dfsg-1,
seafile-gui,9.0.4+ds1-1ubuntu2,
seahorse,43.0-3build2,
seahorse-adventures,1.4-1,
searchandrescue,1.5.0-2.1,
searchmonkey,0.8.3-1.2,
seascope,0.9+8a669e0e-3,
seaview,5.0.5-2build2,
secpanel,0.6.1-3,
secrets,9.3-1,
seergdb,2.3+git20240117+ds-1build2,
selektor,3.13.73-1,
sense-emu-tools,1.2-0ubuntu1,
sequeler,0.8.2-1build2,
ser-player,1.7.3-2build3,
session-shortcuts,1.4,
setbfree,0.8.12+ds-2build2,
setzer,62-1,
sfxr-qt,1.5.0+ds-3build2,
sgt-launcher,0.2.8-0ubuntu1.1,
sgt-puzzles,20230410.71cf891-2build2,
shelxle,1.0.1552-1build2,
shotcut,24.02.29+ds-1build1,
shotwell,0.32.6-1ubuntu3,
showfoto,8.2.0-0ubuntu6.2,
shutter,0.99.2-4,
sigil,2.0.1+dfsg1-1build4,
signon-ui-x11,0.17+18.04.20171027+really20160406-0ubuntu7,
sigrok-cli,0.7.2-1build2,
sigviewer,0.6.4-3build2,
silverjuke,18.2.1-4.1build2,
silx,2.0.1+dfsg-3,
simple-image-filter,1.1.2-1build2,
simple-image-reducer,1.0.2+git20191008-2,
simple-scan,46.0-0ubuntu2,
simplescreenrecorder,0.4.4-3build4,
simulide,1.1.0.1912+dfsg-4build2,
simutrans,123.0.1-3build2,
singularity,1.0.0-1,
sioyek,2.0.0+dfsg-4build2,
sirikali,1.5.1-1build2,
siril,1.2.1-1build3,
skanlite,23.08.5-0ubuntu4,
skanpage,23.08.5-0ubuntu4,
skrooge,2.31.0-1build5,
skycat,3.1.2+starlink1~b+dfsg-7build3,
slashem-sdl,0.0.7E7F3-11build3,
slashem-x11,0.0.7E7F3-11build3,
slashtime,0.5.13-3,
slbackup-php,0.4.5-5,
slic3r,1.3.0+dfsg1-5build6,
slimevolley,2.4.2+dfsg-3,
sludge-engine,2.2.2-5build5,
sm,0.26-3build2,
smb4k,3.2.5-1build2,
smplayer,23.12.0+ds0-1build2,
smtube,21.7.0-1build2,
snake4,1.0.14-1.1build2,
snapd,2.67.1+24.04,
snapper-gui,0git.960a94834f-6,
snd-gui-jack,24.1-1build2,
snd-gui-pulse,24.1-1build2,
snd-nox,24.1-1build2,
snek,1.9-3build2,
snek-bin,1.9-3build2,
socnetv,2.8-1build2,
software-properties-gtk,0.99.49.1,
software-properties-kde,0.96.20.2-2.1,
software-properties-qt,0.99.49.1,
solaar,1.1.11+dfsg-2,
solarwolf,1.5+dfsg1-6,
solfege,3.23.4-12,
solvespace,3.1+ds1-3.1build2,
sonata,1.7.0-2,
songwrite,3-0.2-1,
sonic-pi,3.2.2~repack-8ubuntu3,
sonic-visualiser,4.5.2-2build3,
sooperlooper,1.7.8~dfsg0-2build3,
sopwith,2.5.0-1,
soundconverter,4.0.4-1,
sound-juicer,3.40.0-1build3,
soundkonverter,3.0.1-3build2,
spacearyarya,1.0.2-8,
spacebar,23.01.0-1build4,
spacefm,1.0.6-7build3,
spatialite-gui,2.1.0~beta1-2build5,
speedcrunch,0.12.0-6build2,
spek,0.8.5+dfsg-3build3,
spim,8.0+dfsg-7,
spotlighter,0.3-1.1ubuntu1,
spout,1.4-5,
spring,106.0+dfsg-3build3,
springlobby,0.274-1build4,
spview,2.0.2-1,
spyder,5.5.1+ds-1,
sqlitebrowser,3.12.2-3build2,
squeak-vm,4.10.2.2614+20120917~dfsg-2,
srain,1.5.1-1build2,
ssvnc,1.0.29-6ubuntu3,
stacer,1.1.0+ds-2build3,
staden,2.0.0+b11-5,
stardict-gtk,3.0.7+git20220909+dfsg-4build4,
starfighter,2.4-1,
starshine-scantool,6.7.66.0-1,
starvoyager,0.4.4-10,
stax,1.37-2build2,
steam-installer,1.0.0.79~ds-2,
stegosuite,0.9.0-1,
stella,6.7.1+dfsg-1build2,
stellarium,23.4-2build3,
step,23.08.5-0ubuntu4,
stlink-gui,1.8.0-1build2,
stoken,0.92-1.1build2,
stopmotion,0.8.6-2build2,
stopwatch,3.5-9,
stormbaancoureur,2.1.6-3.1build2,
strawberry,1.0.23-1build3,
streamdeck-ui,1.1.2-2,
streamtuner2,2.2.2+dfsg-2ubuntu1,
stretchplayer,0.503-4build3,
structure-synth,1.5.0-7build2,
stterm,0.9-1,
studio-controls,2.3.9-0ubuntu4,
subdownloader,2.1.0-5,
sublime-music,0.12.0-1,
subtitlecomposer,0.8.0-1build6,
subtitleeditor,0.54.0-6build2,
sudoku,1.0.5-2.1,
sudoku-solver,1.0.1-4build2,
sugar-browse-activity,208-1,
sugar-calculate-activity,47-1,
sugar-chat-activity,86-3,
sugar-etoys-activity,116-10,
sugar-imageviewer-activity,65-2,
sugar-jukebox-activity,36-2,
sugar-log-activity,42-2,
sugar-memorize-activity,59-1,
sugar-pippy-activity,76-1,
sugar-read-activity,123-2,
sugar-terminal-activity,47-2,
sugar-write-activity,101-2,
sumo,1.18.0+dfsg-3build5,
sunclock,3.57-13build2,
sunflow,0.07.2.svn396+dfsg-18,
supercollider-emacs,3.13.0+repack-1ubuntu3,
supercollider-ide,3.13.0+repack-1ubuntu3,
supercollider-vim,3.13.0+repack-1ubuntu3,
supertransball2,1.5-11,
supertux,0.6.3-2build4,
supertuxkart,1.4+dfsg-3ubuntu1,
survex-aven,1.4.4-1build3,
swami,2.2.2-2.1build2,
swayimg,2.1-1build2,
sweeper,23.08.5-0ubuntu3,
sweethome3d,7.2+dfsg-1,
sweethome3d-furniture-editor,1.30-1,
sweethome3d-textures-editor,1.8-1,
swell-foop,46.0-1,
sxiv,26-1build2,
sxmo-utils,1.12.0-7,
sxsscardserver,3.5.15,
sylpheed,3.8.0~beta1-1ubuntu5,
sylph-searcher,1.2.0-15build2,
synapse,0.2.99.4-4build2,
synaptic,0.91.3build4,
syncmaildir-applet,1.3.0-2build2,
syncplay,1.7.0+repack1-2ubuntu0.1,
syncplay-server,1.7.0+repack1-2ubuntu0.1,
syncthing,1.27.2~ds4-1ubuntu0.24.04.2,
syncthing-gtk,0.9.4.4+ds+git20221205+12a9702d29ab-3,
syncthingtray,1.4.12-1build2,
sync-ui,2.0.0-3ubuntu2,
synfigstudio,1.5.1-1build2,
synthv1,0.9.34-1build3,
sysprof,46.0-1build1,
system-config-printer,1.5.18-1ubuntu9,
systempreferences.app,1.2.0-2build8,
systemsettings,5.27.11-0ubuntu2,
taffybar,4.0.1-1build5,
tagua,1.0~alpha2-16-g618c6a0-3build3,
tali,40.9-1build2,
talksoup.app,1.1-1,
tanglet,1.6.5-1ubuntu3,
tatan,1.0.dfsg2-1,
tea,62.0.2-1build3,
tecla,46.0-1build1,
tecnoballz,0.93.1-10,
teeworlds,0.7.5-2,
teg,0.12.0-2build2,
telegnome,0.3.6-5build2,
tellico,3.5.3-1ubuntu5,
tenace,0.17-1build2,
tenmado,0.10-5,
tennix,1.3.4-0.1build2,
terminal.app,0.9.9-3build3,
terminator,2.1.3-1,
terminatorx,4.2.0-1build2,
terminology,1.13.0-2build2,
terminus,2.3.1-1ubuntu4,
termit,3.1-3build2,
terraintool,1.16-3,
tetraproc,0.9.2-1build2,
tetzle,2.2.3-1ubuntu3,
texlive-base,2024.20241115-1deepin1,
texmaker,5.1.3+dfsg-1build8,
texstudio,4.7.2+ds-2build3,
textedit.app,5.0-3,
texworks,0.6.8-3build4,
tf5,5.0beta8-12build2,
tgif,4.2.5-1.3build4,
thawab,4.1-2ubuntu1,
therion,6.2.0-1build3,
therion-viewer,6.2.0-1build3,
thonny,4.0.1-1,
threadscope,0.2.14.1-1ubuntu2,
thunar,4.18.8-1build3,
thunar-volman,4.18.0-1build2,
thunderbird,128.3.0esr-1deepin2,
tiatracker,1.3-3build2,
ticketbooth,1.0.3.1-2,
tickr,0.7.1-1build2,
tiger,3.2.4~rc1-3.2,
tigervnc-viewer,1.13.1+dfsg-2build2,
tikzit,2.1.6-4build3,
tilda,2.0.0-1build2,
tiled,1.8.2-1build2,
tilem,2.0-5build3,
tilix,1.9.6-2build1,
tilp2,1.19~git20231112.5a2ea63-1build2,
timekpr-next,0.5.4-1ubuntu3.1,
timemachine,0.3.3-3build2,
timemon.app,4.2-2build5,
timeshift,24.01.1-1build2,
timidity,2.14.0-deepin1,
tint,0.07,
tint2,17.0.1-1.1build2,
tintin++,2.02.20-1build2,
tipp10,3.3.0-2build2,
titanion,0.3.dfsg1-8,
tkabber,1.1.2+20191012-1,
tkcon,2.7.11-1,
tkcvs,8.2.3-1.2,
tkgate,2.1+repack-6build2,
tkinfo,2.11-4,
tkremind,04.03.01-1build1,
toec-mpseries,2.1-7,
tokodon,23.08.5-0ubuntu4,
tomatoes,1.55-10,
tomboy-ng,0.39-1build2,
topcat,4.9-1,
topp,2.6.0+cleaned1-4build4,
topparser,1.3-3,
toppler,1.3-2,
torbrowser-launcher,0.3.7-1ubuntu1,
torcs,1.3.7+dfsg-5build3,
tortoisehg,6.6.3-1,
torus-trooper,0.22.dfsg1-13,
totem,43.0-2ubuntu4,
toxic,0.11.1-3build3,
trabucco,1.5-1build2,
traceshark,0.9.14~beta-1build2,
trackballs,1.3.4-1,
trader,7.18-1,
transcend,0.3.dfsg2-4,
transcriber,1.5.1.1-10build1,
transgui,5.18.0+dfsg-3.1,
transmission-gtk,4.0.5-1build5,
transmission-qt,4.0.5-1build5,
transmission-remote-gtk,1.5.1-1build3,
traverso,0.49.6-1build5,
treeline,3.1.5-1,
treesheets,1.0.2-1.1build2,
treeviewx,0.5.1+git20100823.7e4d0e9-4build3,
tremotesf,2.6.0-1build2,
trigger-rally,0.6.6.1-3ubuntu1,
trimage,1.0.6-2,
triplane,1.0.8-3,
triplea,1.9.0.0.7062-2,
trophy,2.0.4-1build1,
trustedqsl,2.7.2-1build3,
tryton-client,6.0.34-1,
tuba,0.6.3-1build2,
tucnak,4.55-1build3,
tumiki-fighters,0.2.dfsg1-10,
tuna,0.15-1,
tuned-gtk,2.21.0-1ubuntu2,
tunnelx,20190701-1,
tutka,1.1.3-2.1build4,
tuxfootball,0.3.1-7build1,
tuxguitar,1.5.6+dfsg1-8build3,
tuxmath,2.0.3-9build2,
tuxpaint,0.9.28-sdl2-1build2,
tuxpaint-config,0.17rc1-1build3,
tuxpuck,0.8.2-12build2,
tuxtype,1.8.3-5.1build3,
tvtime,1.0.11-8build2,
twclock,3.5-1build2,
twinkle,1.10.2+dfsg-2build3,
twinvoicerecalc,0.0.20170711-1.1,
tworld,1.3.2-4,
twpsk,4.3-1build3,
typecatcher,0.4-0.1,
ubiquity-frontend-gtk,24.04.5,
ubiquity-frontend-kde,24.04.5,
ubuntucinnamon-environment,24.04.3,
ubuntu-kylin-software-center,3.3.4,
ubuntu-mate-default-settings,24.04.4,
ubuntu-mate-guide,22.04.0-0ubuntu1,
ubuntu-settings,24.04.5,
ubuntustudio-installer,1.18.4,
ubuntustudio-live-settings,24.04.26.7,
ubuntustudio-menu,0.86.1,
ubuntustudio-menu-add,0.2,
ucblogo,6.2.4-1build2,
ucrpf1host,0.0.20181108-1.1,
udav,8.0.1-7.1build1,
uefitool,0.28.0+A66-1build2,
ufoai,2.5-7build3,
ugene,49.1+dfsg-2build2,
uget,2.2.3-2build4,
uhexen2,1.5.9+git20230520.3380711+dfsg-1,
uima-utils,2.10.2-4,
uim-gtk2.0,1.8.8-9.5,
ukopp,4.9-3build2,
ukui-biometric-manager,1.0.3.1-1build3,
ukui-control-center,3.22.1.28-1,
ukui-notebook,3.1.1-1build2,
ukui-session-manager,4.0.0.1-1ubuntu2,
ukui-system-monitor,1.0.4-1build3,
ukwm,1.2.2-1,
ulcc,1.0.2-3build3,
umbrello,23.08.5-0ubuntu3,
umps3,3.0.5-1build3,
unicode-screensaver,0.5.2-4build2,
unihedron-device-manager,1.0.0.337-1build2,
unison-2.53-gtk,2.53.3-2build2,
units-master,4.2.1-1,
unity-control-center,15.04.0+23.04.20230220-0ubuntu8,
unity-lens-photos,1.0+17.10.20170605-0ubuntu9,
unity-tweak-tool,0.0.7+-0ubuntu11,
unknown-horizons,2019.1-7,
uos-ai,2.3.2-1,
update-manager,24.04.9,
uqm,0.8.0+dfsg-2build2,
usb-creator-gtk,0.3.17,
usb-creator-kde,0.3.17,
usbview,3.1-1build2,
usermode,1.114-3build2,
utox,0.18.1-1build4,
vagalume,0.8.6-3build4,
val-and-rick,0.1a.dfsg1-7,
vala-panel,0.5.0-2build3,
valentina,0.7.52~dfsg-1build2,
vanilla-gnome-default-settings,23.04.0,
variety,0.8.12-1,
vcmi,1.4.1+dfsg-1build3,
vectoroids,1.1.0-16,
verbiste-gtk,0.1.48-1build3,
veroroute,2.38-1build2,
veusz,3.6.2-1.1,
veyon-configurator,4.7.5+repack1-1ubuntu5,
veyon-master,4.7.5+repack1-1ubuntu5,
viagee,3.7.2-1ubuntu1,
vice,3.7.1+dfsg1-2build3,
video-downloader,0.12.10-2,
view3dscene,4.2.0-4build2,
viewnior,1.8-3build2,
vifm,0.12-1build2,
viking,1.10-2build5,
vim-common,9.1.0777-1deepin1,
vim-gui-common,9.1.0777-1deepin1,
vinagre,3.22.0-8ubuntu5,
vino,3.22.0-6ubuntu5,
virt-manager,4.1.0-3ubuntu0.1,
virtualbox-qt,7.0.20-dfsg-1,
virtualjaguar,2.1.3-2build6,
virt-viewer,11.0-3build2,
viruskiller,1.03-1+dfsg1-2build1,
visidata,3.0.2-1,
visolate,2.1.6~svn8+dfsg1-1.1build1,
visualvm,2.1.8-1,
vitables,3.0.2-4,
vite,1.2+svn+git4.c6c0ce7-8build2,
vitetris,0.59.1-2,
vkeybd,0.1.18d-4build3,
vlc,3.0.21-2,
vlc-plugin-bittorrent,2.15-1build3,
vmg,3.7.1-8build2,
vmpk,0.9.0-1build2,
voctomix-gui,1.3-6,
vodovod,1.10-5,
vokoscreen-ng,3.7.0-1build3,
volumecontrol.app,0.8-1build6,
vonsh,1.0+ds-0.1,
vor,0.5.8-1,
vorta,0.8.12-2,
vprerex,6.5.1-deepin1+rb1,
v-sim,3.7.2-9build3,
vvmplayer,2.5-1build1,
vym,2.6.11-3build3,
wadc,3.1-1,
wallch,4.0-0ubuntu12,
warmux,11.04.1+repack2-4build4,
warzone2100,4.4.2-1build3,
wavbreaker,0.16-3build3,
wavesurfer,1.8.8p5-1.1ubuntu1,
wdisplays,1.1.1-1build2,
webcamoid,9.1.1-1build6,
webhttrack,3.49.5-1build2,
webissues,1.1.5-10build2,
webscanserver,20240822.3.0.1933,
weka,3.6.14-4,
welle.io,2.4+ds-2build5,
wesnoth-1.16-core,1.16.11-1build3,
wfview,1.64-2build2,
whichwayisup,0.7.9-10,
whowatch,1.8.6-1,
widelands,1.1-4build4,
wifi-qr,0.3-1,
wike,2.1.0-1,
winetricks,20240105-2,
winff,1.6.3+dfsg-2build1,
wing,0.7-32build2,
wings3d,2.3-1,
winmage-sane-backend,20200522-1.5.7.015,
winmage-sane-backend-dual,20240911-4.6.10.053,
wiredpanda,4.1.12-1build2,
wireshark,4.4.0-1,
wizznic,0.9.9+dfsg-1,
wmaker-common,0.96.0-2build3,
wmauda,0.9-4build2,
wmbutton,0.7.1-2,
wmcalc,0.7-2,
wmdrawer,0.10.5-6.1build2,
wmforecast,1.9.0-1build2,
wmgtemp,1.2-3,
wmgui,0.6.91-4deepin1,
wmhdplop,0.9.12-1.1build2,
wmifs,1.9-2,
wmitime,0.5-3,
wmix,3.5-2build2,
wmmisc,1.2-2,
wmmixer,1.9-2,
wmmon,1.4-2,
wmmoonclock,1.30-2,
wmnut,0.69-1build2,
wmshutdown,1.6-2build2,
wmsysmon,0.8.1-1,
wmusic,2.1.1-1build2,
wmweather,2.4.7-3build2,
wolf4sdl,20230117-1,
woof-doom,14.1.0+dfsg-1build1,
wordgrinder-x11,0.8-1build2,
wordnet-gui,3.0-37,
wordwarvi,1.0.4-2build3,
worker,4.12.1-1build2,
workrave,1.10.52-2ubuntu1,
wpagui,2.10-deepin1,
wrapperfactory.app,0.1.0-5build5,
wsjtx,2.7.0~rc3+repack-1build2,
wxglade,1.0.5+repack-2,
wxhexeditor,0.24+repack-2build3,
wxmaxima,24.02.1-1build2,
x11vnc,0.9.16-10,
x2goclient,4.1.2.3-1build3,
x2godesktopsharing,3.2.0.0-2build3,
x2goserver-fmbindings,4.1.0.6-1.1build1,
x2gothinclient-minidesktop,1.5.0.1-10build2,
x3270,4.1ga10-1.1build2,
xabacus,8.5.1-1build2,
xaos,4.3.2-1build2,
xarchiver,0.5.4.22-1build2,
xastir,2.2.0-1build4,
xball,3.0.1+dfsg-1build2,
xbill,2.1-9ubuntu1,
xboard,4.9.1-2build3,
xbomb,2.2b-1build3,
xca,2.5.0-1ubuntu2,
xcas,1.9.0.93+dfsg2-2,
xcfa,5.0.2-2build3,
xchm,1.36-1build2,
xcrysden,1.6.2-4,
xcwcp,3.6.0-6.1build2,
xdaliclock,2.48-1build2,
xdemineur,2.1.1-21,
xdesktopwaves,1.3-4.1,
xdg-desktop-portal-gnome,46.2-0ubuntu1,
xdg-desktop-portal-gtk,1.15.1-1build2,
xdg-desktop-portal-kde,5.27.11-0ubuntu3,
xdg-desktop-portal-lxqt,0.5.0-0ubuntu6,
xdg-desktop-portal-xapp,1.0.4-1build2,
xdiagnose,3.8.12~24.04.1,
xdot,1.3-1,
xdrawchem,1.11.0-4build2,
xdx,2.91-2build2,
xfburn,0.7.0-1build2,
xfce4-appfinder,4.18.0-1build2,
xfce4-clipman,1.6.5-1build2,
xfce4-dict,0.8.6-1build2,
xfce4-notes,1.10.0-1build2,
xfce4-notifyd,0.9.4-1,
xfce4-panel,4.18.4-1ubuntu0.1,
xfce4-panel-profiles,1.0.14-1,
xfce4-power-manager,4.18.3-2build3,
xfce4-screensaver,4.18.3-1build1,
xfce4-screenshooter,1.10.5-1build1,
xfce4-sensors-plugin,1.4.4-1build2,
xfce4-session,4.18.3-1build2,
xfce4-settings,4.18.4-0ubuntu3,
xfce4-taskmanager,1.5.7-1build1,
xfce4-terminal,1.1.3-1build1,
xfdashboard,1.0.0-0ubuntu3,
xfdesktop4,4.18.1-1build3,
xfe,1.45-2,
xfig,3.2.9-2build3,
xfwm4,4.18.0-1build3,
xgalaga++,0.9-2build1,
xgalaga,2.1.1.0-6,
xhtml2ps,1.0b7-6,
xineliboutput-fbfe,2.2.0+git20211212-2.2build1,
xineliboutput-sxfe,2.2.0+git20211212-2.2build1,
xineliboutput-wlfe,2.2.0+git20211212-2.2build1,
xine-ui,0.99.14+hg20240403-1,
xinput-calibrator,0.7.5+git20140201-1build2,
xiphos,4.2.1+dfsg1-8build3,
xiterm+thai,1.10-2build1,
xjadeo,0.8.12-1build4,
xjed,0.99.20~pre.180+dfsg-2,
xjump,2.7.5-6.2build3,
xkeycaps,2.47-7build3,
xlog,2.0.24-3build2,
xmabacus,8.5.1-1build2,
xmahjongg,3.7-5,
xmakemol,5.16-10build3,
xmakemol-gl,5.16-10build3,
xmaxima,5.46.0-11build3,
xmlcopyeditor,1.3.0.0-1.1build3,
xmonad,0.17.2-1ubuntu2,
xmotd,1.17.3b-11build2,
xmoto,0.6.2+repack-2build3,
xmountains,2.10-2,
xmpsolve,3.2.1-10.1build4,
xmpuzzles,7.7.1-1.2build2,
xnec2c,4.4.12-2build2,
xonix,1.4-35build2,
xoscope,2.3-1build3,
xosview,1.24-1,
xournal,0.4.8.2016-7build4,
xournalpp,1.2.2-2build3,
xpad,5.8.0-1build2,
xpaint,2.9.1.4-4.1build2,
xpdf,3.04+git20240202-1build3,
xpenguins,3.2.1-2,
xperia-flashtool,0.9.34+ds-1,
xpra,3.1.5+dfsg1-0.2ubuntu1,
xpuzzles,7.7.1-1.2build2,
xqf,1.0.6-5build2,
xrdesktop,0.15.1-5.1build3,
xsane,0.999-12.1,
xscavenger,1.4.5-6,
xscreensaver,6.08+dfsg1-1ubuntu3,
xscreensaver-data,6.08+dfsg1-1ubuntu3,
xscreensaver-data-extra,6.08+dfsg1-1ubuntu3,
xscreensaver-gl,6.08+dfsg1-1ubuntu3,
xscreensaver-gl-extra,6.08+dfsg1-1ubuntu3,
xscreensaver-screensaver-bsod,6.08+dfsg1-1ubuntu3,
xscreensaver-screensaver-webcollage,6.08+dfsg1-1ubuntu3,
xsddiagram,1.0-2,
xsensors,0.80-1build2,
xshisen,1.51-8,
xshogi,1.4.2-2ubuntu1,
xskat,4.0-8,
xsnow,3.7.8-1build2,
xsok,1.02-19build2,
xsol,0.31-15build2,
xsoldier,1.8-6,
xtel,3.3.0-26build2,
xterm,390-1ubuntu3,
x-tile,3.3+git20220708.9ec59c9-1,
xtrkcad,5.2.0Beta2.1-2,
xubuntu-default-settings,24.04.4,
xubuntu-live-settings,24.04.4,
xvattr,1.3-0.6ubuntu4,
xvile,9.8z-1build2,
xvkbd,4.1-2build2,
xwayland,24.1.4-0deepin,
xwelltris,1.0.1-18,
xye,0.12.2+dfsg-12,
xygrib,1.2.6.1-3build3,
xyscan,4.64-2build3,
xzgv,0.9.2-2build3,
xzoom,0.3-27,
yabause-qt,0.9.15-3build2,
yad,0.40.0-1build3,
yagf,0.9.5+repack1-1build2,
yagv,0.4~20171211.r234ef16+dfsg-2,
yakuake,23.08.5-0ubuntu3,
yambar,1.10.0-1build2,
yapet,2.6-1ubuntu2,
yasw,0.6-2build3,
ydpdict,1.0.5-1,
yelp,42.2-1build2,
yi,0.19.0-2,
ymuse,0.22-1ubuntu0.24.04.2,
yokadi,1.2.0-4,
yorick-cubeview,2.2-2.2,
yorick-gyoto,2.0.2-1.1build3,
yoshimi,2.3.2-1build3,
youker-assistant,3.0.2.1-0ubuntu5,
youtubedl-gui,3.0-2build2,
yubikey-manager-qt,1.2.5-1build2,
yubioath-desktop,5.1.0-3build2,
yudit,3.1.0-1,
yuview,2.13-1build2,
z88,13.0.0+dfsg2-6build2,
zangband,2.7.5pre1-14build2,
zanshin,23.08.5-0ubuntu3,
zathura,0.5.4-1build2,
zathura-cb,0.1.10-1build4,
zathura-djvu,0.2.9-1build4,
zathura-pdf-poppler,0.3.2-1build3,
zathura-ps,0.2.7-2build4,
zaz,1.0.1-1deepin0,
zbd-utils,2.0.4-1.1build1,
zeal,0.7.0-3build2,
zegrapher,3.1.1-4build2,
zenity,4.0.2-1,
zenmap,7.94+git20230807.3be01efb1+dfsg-3build2,
zim,0.75.2-1,
zint-qt,2.13.0-1build3,
zipper.app,1.5-3build4,
zita-at1,0.6.2-2build3,
zita-bls1,0.3.3-3build2,
zita-dc1,0.3.3-2build2,
zita-dpl1,0.3.3-1build2,
zita-mu1,0.3.3-2build3,
zita-rev1,0.2.2-2build3,
zulucrypt-gui,6.2.0-1ubuntu3,
zulumount-gui,6.2.0-1ubuntu3,
zutty,0.14.8.20231210+dfsg1-1,
zynaddsubfx,3.0.6-6build3,
